-- -----------------------------
-- CmsWing MySQL Data Transfer 
-- 
-- Host     : 127.0.0.1
-- Port     : 
-- Database : undefined
-- 
-- Part : #1
-- Date : 2016-03-12 05:26:59
-- -----------------------------

SET FOREIGN_KEY_CHECKS = 0;


-- -----------------------------
-- Table structure for `cmswing_action`
-- -----------------------------
DROP TABLE IF EXISTS `cmswing_action`;
CREATE TABLE `cmswing_action` (
  `id` int(11) unsigned NOT NULL AUTO_INCREMENT COMMENT '主键',
  `name` char(30) NOT NULL DEFAULT '' COMMENT '行为唯一标识',
  `title` char(80) NOT NULL DEFAULT '' COMMENT '行为说明',
  `remark` char(140) NOT NULL DEFAULT '' COMMENT '行为描述',
  `rule` text COMMENT '行为规则',
  `log` text COMMENT '日志规则',
  `type` tinyint(2) unsigned NOT NULL DEFAULT '1' COMMENT '类型',
  `status` tinyint(2) NOT NULL DEFAULT '0' COMMENT '状态',
  `update_time` bigint(13) unsigned NOT NULL DEFAULT '0' COMMENT '修改时间',
  PRIMARY KEY (`id`)
) ENGINE=MyISAM AUTO_INCREMENT=14 DEFAULT CHARSET=utf8 ROW_FORMAT=DYNAMIC COMMENT='系统行为表';

-- -----------------------------
-- Records of `cmswing_action`
-- -----------------------------
INSERT INTO `cmswing_action` VALUES ('1', 'user_login', '用户登录', '积分+10，每天一次', 'table:member|field:score|condition:id=${self} AND status>-1|rule:10|cycle:24|max:1;', '[user|get_nickname]在[time|time_format]登录了后台', '1', '1', '1452591992289');
INSERT INTO `cmswing_action` VALUES ('2', 'add_article', '发布文章', '积分+5，每天上限5次', 'table:member|field:score|condition:id=${self}|rule:5|cycle:24|max:5', '', '2', '0', '1452591992289');
INSERT INTO `cmswing_action` VALUES ('3', 'review', '评论', '评论积分+1，无限制', 'table:member|field:score|condition:id=${self}|rule:1', '', '2', '1', '1452591992289');
INSERT INTO `cmswing_action` VALUES ('4', 'add_document', '发表文档', '积分+10，每天上限5次', 'table:member|field:score|condition:id=${self}|rule:10|cycle:24|max:5', '[user|get_nickname]在[time|time_format]发表了一篇文章。
表[model]，记录编号[record]。fdsfsa', '2', '1', '1452920245099');
INSERT INTO `cmswing_action` VALUES ('5', 'add_document_topic', '发表讨论', '积分+5，每天上限10次', 'table:member|field:score|condition:id=${self}|rule:5|cycle:24|max:10', '', '2', '0', '1452591992289');
INSERT INTO `cmswing_action` VALUES ('6', 'update_config', '更新配置', '新增或修改或删除配置', '', '', '1', '1', '1452591992289');
INSERT INTO `cmswing_action` VALUES ('7', 'update_model', '更新模型', '新增或修改模型', '', '', '1', '1', '1452591992289');
INSERT INTO `cmswing_action` VALUES ('8', 'update_attribute', '更新属性', '新增或更新或删除属性', '', '', '1', '1', '1452591992289');
INSERT INTO `cmswing_action` VALUES ('9', 'update_channel', '更新导航', '新增或修改或删除导航', '', '', '1', '1', '1452591992289');
INSERT INTO `cmswing_action` VALUES ('10', 'update_menu', '更新菜单', '新增或修改或删除菜单', '', '', '1', '1', '1452591992289');
INSERT INTO `cmswing_action` VALUES ('11', 'update_category', '更新分类', '新增或修改或删除分类', '', '', '1', '1', '1452591992289');
INSERT INTO `cmswing_action` VALUES ('13', 'testaction', '测试行为日志', '积分+10，每天一次1111', 'table:member|field:score|condition:id=${self} AND status>-1|rule:10|cycle:24|max:1;', '[user|get_nickname]在[time|time_format]测试了日志[model]和[record]和[data]', '2', '1', '1452594160564');

-- -----------------------------
-- Table structure for `cmswing_action_log`
-- -----------------------------
DROP TABLE IF EXISTS `cmswing_action_log`;
CREATE TABLE `cmswing_action_log` (
  `id` int(10) unsigned NOT NULL AUTO_INCREMENT COMMENT '主键',
  `action_id` int(10) unsigned NOT NULL DEFAULT '0' COMMENT '行为id',
  `user_id` int(10) unsigned NOT NULL DEFAULT '0' COMMENT '执行用户id',
  `action_ip` bigint(20) NOT NULL COMMENT '执行行为者ip',
  `model` varchar(50) NOT NULL DEFAULT '' COMMENT '触发行为的表',
  `record_id` int(10) unsigned NOT NULL DEFAULT '0' COMMENT '触发行为的数据id',
  `remark` varchar(255) NOT NULL DEFAULT '' COMMENT '日志备注',
  `status` tinyint(2) NOT NULL DEFAULT '1' COMMENT '状态',
  `create_time` bigint(13) unsigned NOT NULL DEFAULT '0' COMMENT '执行行为的时间',
  PRIMARY KEY (`id`),
  KEY `action_ip_ix` (`action_ip`),
  KEY `action_id_ix` (`action_id`),
  KEY `user_id_ix` (`user_id`)
) ENGINE=MyISAM AUTO_INCREMENT=358 DEFAULT CHARSET=utf8 ROW_FORMAT=FIXED COMMENT='行为日志表';

-- -----------------------------
-- Records of `cmswing_action_log`
-- -----------------------------
INSERT INTO `cmswing_action_log` VALUES ('311', '1', '1', '2130706433', 'member', '1', 'admin在2016-03-07 17:00:34登录了后台', '1', '1457341234073');
INSERT INTO `cmswing_action_log` VALUES ('312', '1', '1', '2130706433', 'member', '1', 'admin在2016-03-07 17:02:32登录了后台', '1', '1457341352889');
INSERT INTO `cmswing_action_log` VALUES ('313', '1', '1', '2130706433', 'member', '1', 'admin在2016-03-07 18:35:51登录了后台', '1', '1457346951575');
INSERT INTO `cmswing_action_log` VALUES ('314', '1', '1', '2130706433', 'member', '1', 'admin在2016-03-07 18:45:29登录了后台', '1', '1457347529369');
INSERT INTO `cmswing_action_log` VALUES ('315', '1', '1', '2130706433', 'member', '1', 'admin在2016-03-08 09:32:36登录了后台', '1', '1457400756170');
INSERT INTO `cmswing_action_log` VALUES ('316', '1', '1', '2130706433', 'member', '1', 'admin在2016-03-08 13:11:29登录了后台', '1', '1457413889573');
INSERT INTO `cmswing_action_log` VALUES ('317', '1', '1', '2130706433', 'member', '1', 'admin在2016-03-08 14:33:11登录了后台', '1', '1457418791494');
INSERT INTO `cmswing_action_log` VALUES ('318', '1', '1', '2130706433', 'member', '1', 'admin在2016-03-08 14:36:26登录了后台', '1', '1457418986623');
INSERT INTO `cmswing_action_log` VALUES ('319', '1', '1', '2130706433', 'member', '1', 'admin在2016-03-08 20:21:57登录了后台', '1', '1457439717461');
INSERT INTO `cmswing_action_log` VALUES ('320', '1', '1', '2130706433', 'member', '1', 'admin在2016-03-09 09:02:29登录了后台', '1', '1457485349516');
INSERT INTO `cmswing_action_log` VALUES ('321', '1', '1', '2130706433', 'member', '1', 'admin在2016-03-09 09:27:01登录了后台', '1', '1457486821263');
INSERT INTO `cmswing_action_log` VALUES ('322', '1', '1', '2130706433', 'member', '1', 'admin在2016-03-09 09:48:27登录了后台', '1', '1457488107006');
INSERT INTO `cmswing_action_log` VALUES ('323', '1', '1', '2130706433', 'member', '1', 'admin在2016-03-09 11:06:54登录了后台', '1', '1457492814389');
INSERT INTO `cmswing_action_log` VALUES ('324', '1', '1', '2130706433', 'member', '1', 'admin在2016-03-09 15:32:41登录了后台', '1', '1457508761367');
INSERT INTO `cmswing_action_log` VALUES ('325', '4', '1', '2130706433', 'document', '71', 'admin在2016-03-09 16:05:24发表了一篇文章。
表document，记录编号71。fdsfsa', '1', '1457510724126');
INSERT INTO `cmswing_action_log` VALUES ('326', '4', '1', '2130706433', 'document', '72', 'admin在2016-03-09 16:12:04发表了一篇文章。
表document，记录编号72。fdsfsa', '1', '1457511124158');
INSERT INTO `cmswing_action_log` VALUES ('327', '4', '1', '2130706433', 'document', '73', 'admin在2016-03-09 16:14:09发表了一篇文章。
表document，记录编号73。fdsfsa', '1', '1457511249204');
INSERT INTO `cmswing_action_log` VALUES ('328', '1', '1', '2130706433', 'member', '1', 'admin在2016-03-09 16:23:24登录了后台', '1', '1457511804632');
INSERT INTO `cmswing_action_log` VALUES ('329', '4', '1', '2130706433', 'document', '74', 'admin在2016-03-09 16:20:53发表了一篇文章。
表document，记录编号74。fdsfsa', '1', '1457511653858');
INSERT INTO `cmswing_action_log` VALUES ('330', '4', '1', '2130706433', 'document', '75', 'admin在2016-03-09 16:28:13发表了一篇文章。
表document，记录编号75。fdsfsa', '1', '1457512093518');
INSERT INTO `cmswing_action_log` VALUES ('331', '4', '1', '2130706433', 'document', '76', 'admin在2016-03-09 16:41:01发表了一篇文章。
表document，记录编号76。fdsfsa', '1', '1457512861966');
INSERT INTO `cmswing_action_log` VALUES ('332', '4', '1', '2130706433', 'document', '77', 'admin在2016-03-09 16:42:30发表了一篇文章。
表document，记录编号77。fdsfsa', '1', '1457512950829');
INSERT INTO `cmswing_action_log` VALUES ('333', '4', '1', '2130706433', 'document', '78', 'admin在2016-03-09 17:01:24发表了一篇文章。
表document，记录编号78。fdsfsa', '1', '1457514084933');
INSERT INTO `cmswing_action_log` VALUES ('334', '1', '1', '2130706433', 'member', '1', 'admin在2016-03-09 18:04:13登录了后台', '1', '1457517853502');
INSERT INTO `cmswing_action_log` VALUES ('335', '1', '1', '2130706433', 'member', '1', 'admin在2016-03-10 09:08:47登录了后台', '1', '1457572127039');
INSERT INTO `cmswing_action_log` VALUES ('336', '1', '1', '2130706433', 'member', '1', 'admin在2016-03-10 09:18:06登录了后台', '1', '1457572686636');
INSERT INTO `cmswing_action_log` VALUES ('337', '1', '1', '2130706433', 'member', '1', 'admin在2016-03-10 09:59:36登录了后台', '1', '1457575176049');
INSERT INTO `cmswing_action_log` VALUES ('338', '1', '1', '2130706433', 'member', '1', 'admin在2016-03-10 11:12:55登录了后台', '1', '1457579575257');
INSERT INTO `cmswing_action_log` VALUES ('339', '1', '1', '2130706433', 'member', '1', 'admin在2016-03-10 13:59:23登录了后台', '1', '1457589563668');
INSERT INTO `cmswing_action_log` VALUES ('340', '1', '1', '2130706433', 'member', '1', 'admin在2016-03-11 08:36:58登录了后台', '1', '1457656618181');
INSERT INTO `cmswing_action_log` VALUES ('341', '1', '1', '2130706433', 'member', '1', 'admin在2016-03-11 09:09:35登录了后台', '1', '1457658575385');
INSERT INTO `cmswing_action_log` VALUES ('342', '1', '1', '2130706433', 'member', '1', 'admin在2016-03-11 08:58:06登录了后台', '1', '1457657886433');
INSERT INTO `cmswing_action_log` VALUES ('343', '1', '1', '2130706433', 'member', '1', 'admin在2016-03-11 08:58:06登录了后台', '1', '1457657886436');
INSERT INTO `cmswing_action_log` VALUES ('344', '1', '1', '2130706433', 'member', '1', 'admin在2016-03-11 11:35:20登录了后台', '1', '1457667320286');
INSERT INTO `cmswing_action_log` VALUES ('345', '1', '1', '2130706433', 'member', '1', 'admin在2016-03-11 18:03:53登录了后台', '1', '1457690633435');
INSERT INTO `cmswing_action_log` VALUES ('346', '1', '1', '2130706433', 'member', '1', 'admin在2016-03-11 18:03:53登录了后台', '1', '1457690633860');
INSERT INTO `cmswing_action_log` VALUES ('347', '4', '1', '2130706433', 'document', '79', 'admin在2016-03-11 20:26:34发表了一篇文章。
表document，记录编号79。fdsfsa', '1', '1457699194360');
INSERT INTO `cmswing_action_log` VALUES ('348', '1', '1', '2130706433', 'member', '1', 'admin在2016-03-12 03:14:54登录了后台', '1', '1457723694932');
INSERT INTO `cmswing_action_log` VALUES ('349', '1', '1', '2130706433', 'member', '1', 'admin在2016-03-12 03:16:51登录了后台', '1', '1457723811470');
INSERT INTO `cmswing_action_log` VALUES ('350', '1', '1', '2130706433', 'member', '1', 'admin在2016-03-12 03:57:34登录了后台', '1', '1457726254570');
INSERT INTO `cmswing_action_log` VALUES ('351', '1', '1', '2130706433', 'member', '1', 'admin在2016-03-12 04:44:17登录了后台', '1', '1457729057739');
INSERT INTO `cmswing_action_log` VALUES ('352', '4', '1', '2130706433', 'document', '80', 'admin在2016-03-12 04:53:23发表了一篇文章。
表document，记录编号80。fdsfsa', '1', '1457729603388');
INSERT INTO `cmswing_action_log` VALUES ('353', '1', '1', '2130706433', 'member', '1', 'admin在2016-03-12 05:01:32登录了后台', '1', '1457730092317');
INSERT INTO `cmswing_action_log` VALUES ('354', '1', '1', '2130706433', 'member', '1', 'admin在2016-03-12 05:02:18登录了后台', '1', '1457730138792');
INSERT INTO `cmswing_action_log` VALUES ('355', '1', '1', '2130706433', 'member', '1', 'admin在2016-03-12 05:03:26登录了后台', '1', '1457730206164');
INSERT INTO `cmswing_action_log` VALUES ('356', '1', '1', '2130706433', 'member', '1', 'admin在2016-03-12 05:23:10登录了后台', '1', '1457731390962');
INSERT INTO `cmswing_action_log` VALUES ('357', '1', '1', '2130706433', 'member', '1', 'admin在2016-03-12 05:24:29登录了后台', '1', '1457731469831');

-- -----------------------------
-- Table structure for `cmswing_address`
-- -----------------------------
DROP TABLE IF EXISTS `cmswing_address`;
CREATE TABLE `cmswing_address` (
  `id` bigint(11) NOT NULL AUTO_INCREMENT,
  `user_id` int(11) NOT NULL,
  `accept_name` varchar(20) NOT NULL,
  `mobile` varchar(20) DEFAULT NULL,
  `phone` varchar(20) DEFAULT NULL,
  `province` bigint(20) NOT NULL,
  `city` bigint(20) NOT NULL,
  `county` bigint(20) NOT NULL,
  `zip` varchar(6) DEFAULT NULL,
  `addr` varchar(250) DEFAULT NULL,
  `is_default` tinyint(1) DEFAULT '0',
  PRIMARY KEY (`id`)
) ENGINE=MyISAM AUTO_INCREMENT=27 DEFAULT CHARSET=utf8;

-- -----------------------------
-- Records of `cmswing_address`
-- -----------------------------
INSERT INTO `cmswing_address` VALUES ('1', '1', '晓飞 宁', '13589100333', '13589100475', '370000', '370100', '370102', '250000', '山东省ddddddd', '1');
INSERT INTO `cmswing_address` VALUES ('2', '2', 'hgfhfgh', '18681851637', '8688854', '310000', '310100', '310104', '822225', 'htgfhfghgfhgfhgfhfg', '1');
INSERT INTO `cmswing_address` VALUES ('3', '1', '天津帅小伙', '18651569374', '', '120000', '120100', '120107', '300021', '六大街72号', '0');
INSERT INTO `cmswing_address` VALUES ('4', '1', '路人丁', '18681851637', '', '110000', '110100', '110101', '710065', '东花市北里20号楼6单元501室 ', '0');

-- -----------------------------
-- Table structure for `cmswing_area`
-- -----------------------------
DROP TABLE IF EXISTS `cmswing_area`;
CREATE TABLE `cmswing_area` (
  `id` bigint(20) NOT NULL AUTO_INCREMENT,
  `name` varchar(255) NOT NULL,
  `parent_id` bigint(20) NOT NULL DEFAULT '0',
  `sort` int(11) NOT NULL,
  PRIMARY KEY (`id`),
  KEY `pid` (`parent_id`)
) ENGINE=MyISAM AUTO_INCREMENT=910011 DEFAULT CHARSET=utf8;

-- -----------------------------
-- Records of `cmswing_area`
-- -----------------------------
INSERT INTO `cmswing_area` VALUES ('110000', '北京市', '0', '1');
INSERT INTO `cmswing_area` VALUES ('120000', '天津市', '0', '2');
INSERT INTO `cmswing_area` VALUES ('130000', '河北省', '0', '3');
INSERT INTO `cmswing_area` VALUES ('140000', '山西省', '0', '4');
INSERT INTO `cmswing_area` VALUES ('150000', '内蒙古', '0', '5');
INSERT INTO `cmswing_area` VALUES ('210000', '辽宁省', '0', '6');
INSERT INTO `cmswing_area` VALUES ('220000', '吉林省', '0', '7');
INSERT INTO `cmswing_area` VALUES ('230000', '黑龙江', '0', '8');
INSERT INTO `cmswing_area` VALUES ('310000', '上海市', '0', '9');
INSERT INTO `cmswing_area` VALUES ('320000', '江苏省', '0', '10');
INSERT INTO `cmswing_area` VALUES ('330000', '浙江省', '0', '11');
INSERT INTO `cmswing_area` VALUES ('340000', '安徽省', '0', '12');
INSERT INTO `cmswing_area` VALUES ('350000', '福建省', '0', '13');
INSERT INTO `cmswing_area` VALUES ('360000', '江西省', '0', '14');
INSERT INTO `cmswing_area` VALUES ('370000', '山东省', '0', '15');
INSERT INTO `cmswing_area` VALUES ('410000', '河南省', '0', '16');
INSERT INTO `cmswing_area` VALUES ('420000', '湖北省', '0', '17');
INSERT INTO `cmswing_area` VALUES ('430000', '湖南省', '0', '18');
INSERT INTO `cmswing_area` VALUES ('440000', '广东省', '0', '19');
INSERT INTO `cmswing_area` VALUES ('450000', '广西省', '0', '20');
INSERT INTO `cmswing_area` VALUES ('460000', '海南省', '0', '21');
INSERT INTO `cmswing_area` VALUES ('500000', '重庆市', '0', '22');
INSERT INTO `cmswing_area` VALUES ('510000', '四川省', '0', '23');
INSERT INTO `cmswing_area` VALUES ('520000', '贵州省', '0', '24');
INSERT INTO `cmswing_area` VALUES ('530000', '云南省', '0', '25');
INSERT INTO `cmswing_area` VALUES ('540000', '西　藏', '0', '26');
INSERT INTO `cmswing_area` VALUES ('610000', '陕西省', '0', '27');
INSERT INTO `cmswing_area` VALUES ('620000', '甘肃省', '0', '28');
INSERT INTO `cmswing_area` VALUES ('630000', '青海省', '0', '29');
INSERT INTO `cmswing_area` VALUES ('640000', '宁　夏', '0', '30');
INSERT INTO `cmswing_area` VALUES ('650000', '新　疆', '0', '31');
INSERT INTO `cmswing_area` VALUES ('710000', '台湾省', '0', '32');
INSERT INTO `cmswing_area` VALUES ('810000', '香　港', '0', '33');
INSERT INTO `cmswing_area` VALUES ('820000', '澳　门', '0', '34');
INSERT INTO `cmswing_area` VALUES ('110100', '北京市', '110000', '1');
INSERT INTO `cmswing_area` VALUES ('110200', '县', '110000', '2');
INSERT INTO `cmswing_area` VALUES ('120100', '市辖区', '120000', '1');
INSERT INTO `cmswing_area` VALUES ('120200', '县', '120000', '2');
INSERT INTO `cmswing_area` VALUES ('130100', '石家庄市', '130000', '1');
INSERT INTO `cmswing_area` VALUES ('130200', '唐山市', '130000', '2');
INSERT INTO `cmswing_area` VALUES ('130300', '秦皇岛市', '130000', '3');
INSERT INTO `cmswing_area` VALUES ('130400', '邯郸市', '130000', '4');
INSERT INTO `cmswing_area` VALUES ('130500', '邢台市', '130000', '5');
INSERT INTO `cmswing_area` VALUES ('130600', '保定市', '130000', '6');
INSERT INTO `cmswing_area` VALUES ('130700', '张家口市', '130000', '7');
INSERT INTO `cmswing_area` VALUES ('130800', '承德市', '130000', '8');
INSERT INTO `cmswing_area` VALUES ('130900', '沧州市', '130000', '9');
INSERT INTO `cmswing_area` VALUES ('131000', '廊坊市', '130000', '10');
INSERT INTO `cmswing_area` VALUES ('131100', '衡水市', '130000', '11');
INSERT INTO `cmswing_area` VALUES ('140100', '太原市', '140000', '1');
INSERT INTO `cmswing_area` VALUES ('140200', '大同市', '140000', '2');
INSERT INTO `cmswing_area` VALUES ('140300', '阳泉市', '140000', '3');
INSERT INTO `cmswing_area` VALUES ('140400', '长治市', '140000', '4');
INSERT INTO `cmswing_area` VALUES ('140500', '晋城市', '140000', '5');
INSERT INTO `cmswing_area` VALUES ('140600', '朔州市', '140000', '6');
INSERT INTO `cmswing_area` VALUES ('140700', '晋中市', '140000', '7');
INSERT INTO `cmswing_area` VALUES ('140800', '运城市', '140000', '8');
INSERT INTO `cmswing_area` VALUES ('140900', '忻州市', '140000', '9');
INSERT INTO `cmswing_area` VALUES ('141000', '临汾市', '140000', '10');
INSERT INTO `cmswing_area` VALUES ('141100', '吕梁市', '140000', '11');
INSERT INTO `cmswing_area` VALUES ('150100', '呼和浩特市', '150000', '1');
INSERT INTO `cmswing_area` VALUES ('150200', '包头市', '150000', '2');
INSERT INTO `cmswing_area` VALUES ('150300', '乌海市', '150000', '3');
INSERT INTO `cmswing_area` VALUES ('150400', '赤峰市', '150000', '4');
INSERT INTO `cmswing_area` VALUES ('150500', '通辽市', '150000', '5');
INSERT INTO `cmswing_area` VALUES ('150600', '鄂尔多斯市', '150000', '6');
INSERT INTO `cmswing_area` VALUES ('150700', '呼伦贝尔市', '150000', '7');
INSERT INTO `cmswing_area` VALUES ('150800', '巴彦淖尔市', '150000', '8');
INSERT INTO `cmswing_area` VALUES ('150900', '乌兰察布市', '150000', '9');
INSERT INTO `cmswing_area` VALUES ('152200', '兴安盟', '150000', '10');
INSERT INTO `cmswing_area` VALUES ('152500', '锡林郭勒盟', '150000', '11');
INSERT INTO `cmswing_area` VALUES ('152900', '阿拉善盟', '150000', '12');
INSERT INTO `cmswing_area` VALUES ('210100', '沈阳市', '210000', '1');
INSERT INTO `cmswing_area` VALUES ('210200', '大连市', '210000', '2');
INSERT INTO `cmswing_area` VALUES ('210300', '鞍山市', '210000', '3');
INSERT INTO `cmswing_area` VALUES ('210400', '抚顺市', '210000', '4');
INSERT INTO `cmswing_area` VALUES ('210500', '本溪市', '210000', '5');
INSERT INTO `cmswing_area` VALUES ('210600', '丹东市', '210000', '6');
INSERT INTO `cmswing_area` VALUES ('210700', '锦州市', '210000', '7');
INSERT INTO `cmswing_area` VALUES ('210800', '营口市', '210000', '8');
INSERT INTO `cmswing_area` VALUES ('210900', '阜新市', '210000', '9');
INSERT INTO `cmswing_area` VALUES ('211000', '辽阳市', '210000', '10');
INSERT INTO `cmswing_area` VALUES ('211100', '盘锦市', '210000', '11');
INSERT INTO `cmswing_area` VALUES ('211200', '铁岭市', '210000', '12');
INSERT INTO `cmswing_area` VALUES ('211300', '朝阳市', '210000', '13');
INSERT INTO `cmswing_area` VALUES ('211400', '葫芦岛市', '210000', '14');
INSERT INTO `cmswing_area` VALUES ('220100', '长春市', '220000', '1');
INSERT INTO `cmswing_area` VALUES ('220200', '吉林市', '220000', '2');
INSERT INTO `cmswing_area` VALUES ('220300', '四平市', '220000', '3');
INSERT INTO `cmswing_area` VALUES ('220400', '辽源市', '220000', '4');
INSERT INTO `cmswing_area` VALUES ('220500', '通化市', '220000', '5');
INSERT INTO `cmswing_area` VALUES ('220600', '白山市', '220000', '6');
INSERT INTO `cmswing_area` VALUES ('220700', '松原市', '220000', '7');
INSERT INTO `cmswing_area` VALUES ('220800', '白城市', '220000', '8');
INSERT INTO `cmswing_area` VALUES ('222400', '延边朝鲜族自治州', '220000', '9');
INSERT INTO `cmswing_area` VALUES ('230100', '哈尔滨市', '230000', '1');
INSERT INTO `cmswing_area` VALUES ('230200', '齐齐哈尔市', '230000', '2');
INSERT INTO `cmswing_area` VALUES ('230300', '鸡西市', '230000', '3');
INSERT INTO `cmswing_area` VALUES ('230400', '鹤岗市', '230000', '4');
INSERT INTO `cmswing_area` VALUES ('230500', '双鸭山市', '230000', '5');
INSERT INTO `cmswing_area` VALUES ('230600', '大庆市', '230000', '6');
INSERT INTO `cmswing_area` VALUES ('230700', '伊春市', '230000', '7');
INSERT INTO `cmswing_area` VALUES ('230800', '佳木斯市', '230000', '8');
INSERT INTO `cmswing_area` VALUES ('230900', '七台河市', '230000', '9');
INSERT INTO `cmswing_area` VALUES ('231000', '牡丹江市', '230000', '10');
INSERT INTO `cmswing_area` VALUES ('231100', '黑河市', '230000', '11');
INSERT INTO `cmswing_area` VALUES ('231200', '绥化市', '230000', '12');
INSERT INTO `cmswing_area` VALUES ('232700', '大兴安岭地区', '230000', '13');
INSERT INTO `cmswing_area` VALUES ('310100', '市辖区', '310000', '1');
INSERT INTO `cmswing_area` VALUES ('310200', '县', '310000', '2');
INSERT INTO `cmswing_area` VALUES ('320100', '南京市', '320000', '1');
INSERT INTO `cmswing_area` VALUES ('320200', '无锡市', '320000', '2');
INSERT INTO `cmswing_area` VALUES ('320300', '徐州市', '320000', '3');
INSERT INTO `cmswing_area` VALUES ('320400', '常州市', '320000', '4');
INSERT INTO `cmswing_area` VALUES ('320500', '苏州市', '320000', '5');
INSERT INTO `cmswing_area` VALUES ('320600', '南通市', '320000', '6');
INSERT INTO `cmswing_area` VALUES ('320700', '连云港市', '320000', '7');
INSERT INTO `cmswing_area` VALUES ('320800', '淮安市', '320000', '8');
INSERT INTO `cmswing_area` VALUES ('320900', '盐城市', '320000', '9');
INSERT INTO `cmswing_area` VALUES ('321000', '扬州市', '320000', '10');
INSERT INTO `cmswing_area` VALUES ('321100', '镇江市', '320000', '11');
INSERT INTO `cmswing_area` VALUES ('321200', '泰州市', '320000', '12');
INSERT INTO `cmswing_area` VALUES ('321300', '宿迁市', '320000', '13');
INSERT INTO `cmswing_area` VALUES ('330100', '杭州市', '330000', '1');
INSERT INTO `cmswing_area` VALUES ('330200', '宁波市', '330000', '2');
INSERT INTO `cmswing_area` VALUES ('330300', '温州市', '330000', '3');
INSERT INTO `cmswing_area` VALUES ('330400', '嘉兴市', '330000', '4');
INSERT INTO `cmswing_area` VALUES ('330500', '湖州市', '330000', '5');
INSERT INTO `cmswing_area` VALUES ('330600', '绍兴市', '330000', '6');
INSERT INTO `cmswing_area` VALUES ('330700', '金华市', '330000', '7');
INSERT INTO `cmswing_area` VALUES ('330800', '衢州市', '330000', '8');
INSERT INTO `cmswing_area` VALUES ('330900', '舟山市', '330000', '9');
INSERT INTO `cmswing_area` VALUES ('331000', '台州市', '330000', '10');
INSERT INTO `cmswing_area` VALUES ('331100', '丽水市', '330000', '11');
INSERT INTO `cmswing_area` VALUES ('340100', '合肥市', '340000', '1');
INSERT INTO `cmswing_area` VALUES ('340200', '芜湖市', '340000', '2');
INSERT INTO `cmswing_area` VALUES ('340300', '蚌埠市', '340000', '3');
INSERT INTO `cmswing_area` VALUES ('340400', '淮南市', '340000', '4');
INSERT INTO `cmswing_area` VALUES ('340500', '马鞍山市', '340000', '5');
INSERT INTO `cmswing_area` VALUES ('340600', '淮北市', '340000', '6');
INSERT INTO `cmswing_area` VALUES ('340700', '铜陵市', '340000', '7');
INSERT INTO `cmswing_area` VALUES ('340800', '安庆市', '340000', '8');
INSERT INTO `cmswing_area` VALUES ('341000', '黄山市', '340000', '9');
INSERT INTO `cmswing_area` VALUES ('341100', '滁州市', '340000', '10');
INSERT INTO `cmswing_area` VALUES ('341200', '阜阳市', '340000', '11');
INSERT INTO `cmswing_area` VALUES ('341300', '宿州市', '340000', '12');
INSERT INTO `cmswing_area` VALUES ('341500', '六安市', '340000', '13');
INSERT INTO `cmswing_area` VALUES ('341600', '亳州市', '340000', '14');
INSERT INTO `cmswing_area` VALUES ('341700', '池州市', '340000', '15');
INSERT INTO `cmswing_area` VALUES ('341800', '宣城市', '340000', '16');
INSERT INTO `cmswing_area` VALUES ('350100', '福州市', '350000', '1');
INSERT INTO `cmswing_area` VALUES ('350200', '厦门市', '350000', '2');
INSERT INTO `cmswing_area` VALUES ('350300', '莆田市', '350000', '3');
INSERT INTO `cmswing_area` VALUES ('350400', '三明市', '350000', '4');
INSERT INTO `cmswing_area` VALUES ('350500', '泉州市', '350000', '5');
INSERT INTO `cmswing_area` VALUES ('350600', '漳州市', '350000', '6');
INSERT INTO `cmswing_area` VALUES ('350700', '南平市', '350000', '7');
INSERT INTO `cmswing_area` VALUES ('350800', '龙岩市', '350000', '8');
INSERT INTO `cmswing_area` VALUES ('350900', '宁德市', '350000', '9');
INSERT INTO `cmswing_area` VALUES ('360100', '南昌市', '360000', '1');
INSERT INTO `cmswing_area` VALUES ('360200', '景德镇市', '360000', '2');
INSERT INTO `cmswing_area` VALUES ('360300', '萍乡市', '360000', '3');
INSERT INTO `cmswing_area` VALUES ('360400', '九江市', '360000', '4');
INSERT INTO `cmswing_area` VALUES ('360500', '新余市', '360000', '5');
INSERT INTO `cmswing_area` VALUES ('360600', '鹰潭市', '360000', '6');
INSERT INTO `cmswing_area` VALUES ('360700', '赣州市', '360000', '7');
INSERT INTO `cmswing_area` VALUES ('360800', '吉安市', '360000', '8');
INSERT INTO `cmswing_area` VALUES ('360900', '宜春市', '360000', '9');
INSERT INTO `cmswing_area` VALUES ('361000', '抚州市', '360000', '10');
INSERT INTO `cmswing_area` VALUES ('361100', '上饶市', '360000', '11');
INSERT INTO `cmswing_area` VALUES ('370100', '济南市', '370000', '1');
INSERT INTO `cmswing_area` VALUES ('370200', '青岛市', '370000', '2');
INSERT INTO `cmswing_area` VALUES ('370300', '淄博市', '370000', '3');
INSERT INTO `cmswing_area` VALUES ('370400', '枣庄市', '370000', '4');
INSERT INTO `cmswing_area` VALUES ('370500', '东营市', '370000', '5');
INSERT INTO `cmswing_area` VALUES ('370600', '烟台市', '370000', '6');
INSERT INTO `cmswing_area` VALUES ('370700', '潍坊市', '370000', '7');
INSERT INTO `cmswing_area` VALUES ('370800', '济宁市', '370000', '8');
INSERT INTO `cmswing_area` VALUES ('370900', '泰安市', '370000', '9');
INSERT INTO `cmswing_area` VALUES ('371000', '威海市', '370000', '10');
INSERT INTO `cmswing_area` VALUES ('371100', '日照市', '370000', '11');
INSERT INTO `cmswing_area` VALUES ('371200', '莱芜市', '370000', '12');
INSERT INTO `cmswing_area` VALUES ('371300', '临沂市', '370000', '13');
INSERT INTO `cmswing_area` VALUES ('371400', '德州市', '370000', '14');
INSERT INTO `cmswing_area` VALUES ('371500', '聊城市', '370000', '15');
INSERT INTO `cmswing_area` VALUES ('371600', '滨州市', '370000', '16');
INSERT INTO `cmswing_area` VALUES ('371700', '菏泽市', '370000', '17');
INSERT INTO `cmswing_area` VALUES ('410100', '郑州市', '410000', '1');
INSERT INTO `cmswing_area` VALUES ('410200', '开封市', '410000', '2');
INSERT INTO `cmswing_area` VALUES ('410300', '洛阳市', '410000', '3');
INSERT INTO `cmswing_area` VALUES ('410400', '平顶山市', '410000', '4');
INSERT INTO `cmswing_area` VALUES ('410500', '安阳市', '410000', '5');
INSERT INTO `cmswing_area` VALUES ('410600', '鹤壁市', '410000', '6');
INSERT INTO `cmswing_area` VALUES ('410700', '新乡市', '410000', '7');
INSERT INTO `cmswing_area` VALUES ('410800', '焦作市', '410000', '8');
INSERT INTO `cmswing_area` VALUES ('410900', '濮阳市', '410000', '9');
INSERT INTO `cmswing_area` VALUES ('411000', '许昌市', '410000', '10');
INSERT INTO `cmswing_area` VALUES ('411100', '漯河市', '410000', '11');
INSERT INTO `cmswing_area` VALUES ('411200', '三门峡市', '410000', '12');
INSERT INTO `cmswing_area` VALUES ('411300', '南阳市', '410000', '13');
INSERT INTO `cmswing_area` VALUES ('411400', '商丘市', '410000', '14');
INSERT INTO `cmswing_area` VALUES ('411500', '信阳市', '410000', '15');
INSERT INTO `cmswing_area` VALUES ('411600', '周口市', '410000', '16');
INSERT INTO `cmswing_area` VALUES ('411700', '驻马店市', '410000', '17');
INSERT INTO `cmswing_area` VALUES ('420100', '武汉市', '420000', '1');
INSERT INTO `cmswing_area` VALUES ('420200', '黄石市', '420000', '2');
INSERT INTO `cmswing_area` VALUES ('420300', '十堰市', '420000', '3');
INSERT INTO `cmswing_area` VALUES ('420500', '宜昌市', '420000', '4');
INSERT INTO `cmswing_area` VALUES ('420600', '襄樊市', '420000', '5');
INSERT INTO `cmswing_area` VALUES ('420700', '鄂州市', '420000', '6');
INSERT INTO `cmswing_area` VALUES ('420800', '荆门市', '420000', '7');
INSERT INTO `cmswing_area` VALUES ('420900', '孝感市', '420000', '8');
INSERT INTO `cmswing_area` VALUES ('421000', '荆州市', '420000', '9');
INSERT INTO `cmswing_area` VALUES ('421100', '黄冈市', '420000', '10');
INSERT INTO `cmswing_area` VALUES ('421200', '咸宁市', '420000', '11');
INSERT INTO `cmswing_area` VALUES ('421300', '随州市', '420000', '12');
INSERT INTO `cmswing_area` VALUES ('422800', '恩施土家族苗族自治州', '420000', '13');
INSERT INTO `cmswing_area` VALUES ('429000', '省直辖行政单位', '420000', '14');
INSERT INTO `cmswing_area` VALUES ('430100', '长沙市', '430000', '1');
INSERT INTO `cmswing_area` VALUES ('430200', '株洲市', '430000', '2');
INSERT INTO `cmswing_area` VALUES ('430300', '湘潭市', '430000', '3');
INSERT INTO `cmswing_area` VALUES ('430400', '衡阳市', '430000', '4');
INSERT INTO `cmswing_area` VALUES ('430500', '邵阳市', '430000', '5');
INSERT INTO `cmswing_area` VALUES ('430600', '岳阳市', '430000', '6');
INSERT INTO `cmswing_area` VALUES ('430700', '常德市', '430000', '7');
INSERT INTO `cmswing_area` VALUES ('430800', '张家界市', '430000', '8');
INSERT INTO `cmswing_area` VALUES ('430900', '益阳市', '430000', '9');
INSERT INTO `cmswing_area` VALUES ('431000', '郴州市', '430000', '10');
INSERT INTO `cmswing_area` VALUES ('431100', '永州市', '430000', '11');
INSERT INTO `cmswing_area` VALUES ('431200', '怀化市', '430000', '12');
INSERT INTO `cmswing_area` VALUES ('431300', '娄底市', '430000', '13');
INSERT INTO `cmswing_area` VALUES ('433100', '湘西土家族苗族自治州', '430000', '14');
INSERT INTO `cmswing_area` VALUES ('440100', '广州市', '440000', '1');
INSERT INTO `cmswing_area` VALUES ('440200', '韶关市', '440000', '2');
INSERT INTO `cmswing_area` VALUES ('440300', '深圳市', '440000', '3');
INSERT INTO `cmswing_area` VALUES ('440400', '珠海市', '440000', '4');
INSERT INTO `cmswing_area` VALUES ('440500', '汕头市', '440000', '5');
INSERT INTO `cmswing_area` VALUES ('440600', '佛山市', '440000', '6');
INSERT INTO `cmswing_area` VALUES ('440700', '江门市', '440000', '7');
INSERT INTO `cmswing_area` VALUES ('440800', '湛江市', '440000', '8');
INSERT INTO `cmswing_area` VALUES ('440900', '茂名市', '440000', '9');
INSERT INTO `cmswing_area` VALUES ('441200', '肇庆市', '440000', '10');
INSERT INTO `cmswing_area` VALUES ('441300', '惠州市', '440000', '11');
INSERT INTO `cmswing_area` VALUES ('441400', '梅州市', '440000', '12');
INSERT INTO `cmswing_area` VALUES ('441500', '汕尾市', '440000', '13');
INSERT INTO `cmswing_area` VALUES ('441600', '河源市', '440000', '14');
INSERT INTO `cmswing_area` VALUES ('441700', '阳江市', '440000', '15');
INSERT INTO `cmswing_area` VALUES ('441800', '清远市', '440000', '16');
INSERT INTO `cmswing_area` VALUES ('441900', '东莞市', '440000', '17');
INSERT INTO `cmswing_area` VALUES ('442000', '中山市', '440000', '18');
INSERT INTO `cmswing_area` VALUES ('445100', '潮州市', '440000', '19');
INSERT INTO `cmswing_area` VALUES ('445200', '揭阳市', '440000', '20');
INSERT INTO `cmswing_area` VALUES ('445300', '云浮市', '440000', '21');
INSERT INTO `cmswing_area` VALUES ('450100', '南宁市', '450000', '1');
INSERT INTO `cmswing_area` VALUES ('450200', '柳州市', '450000', '2');
INSERT INTO `cmswing_area` VALUES ('450300', '桂林市', '450000', '3');
INSERT INTO `cmswing_area` VALUES ('450400', '梧州市', '450000', '4');
INSERT INTO `cmswing_area` VALUES ('450500', '北海市', '450000', '5');
INSERT INTO `cmswing_area` VALUES ('450600', '防城港市', '450000', '6');
INSERT INTO `cmswing_area` VALUES ('450700', '钦州市', '450000', '7');
INSERT INTO `cmswing_area` VALUES ('450800', '贵港市', '450000', '8');
INSERT INTO `cmswing_area` VALUES ('450900', '玉林市', '450000', '9');
INSERT INTO `cmswing_area` VALUES ('451000', '百色市', '450000', '10');
INSERT INTO `cmswing_area` VALUES ('451100', '贺州市', '450000', '11');
INSERT INTO `cmswing_area` VALUES ('451200', '河池市', '450000', '12');
INSERT INTO `cmswing_area` VALUES ('451300', '来宾市', '450000', '13');
INSERT INTO `cmswing_area` VALUES ('451400', '崇左市', '450000', '14');
INSERT INTO `cmswing_area` VALUES ('460100', '海口市', '460000', '1');
INSERT INTO `cmswing_area` VALUES ('460200', '三亚市', '460000', '2');
INSERT INTO `cmswing_area` VALUES ('469000', '省直辖县级行政单位', '460000', '3');
INSERT INTO `cmswing_area` VALUES ('500100', '市辖区', '500000', '1');
INSERT INTO `cmswing_area` VALUES ('500200', '县', '500000', '2');
INSERT INTO `cmswing_area` VALUES ('500300', '市', '500000', '3');
INSERT INTO `cmswing_area` VALUES ('510100', '成都市', '510000', '1');
INSERT INTO `cmswing_area` VALUES ('510300', '自贡市', '510000', '2');
INSERT INTO `cmswing_area` VALUES ('510400', '攀枝花市', '510000', '3');
INSERT INTO `cmswing_area` VALUES ('510500', '泸州市', '510000', '4');
INSERT INTO `cmswing_area` VALUES ('510600', '德阳市', '510000', '5');
INSERT INTO `cmswing_area` VALUES ('510700', '绵阳市', '510000', '6');
INSERT INTO `cmswing_area` VALUES ('510800', '广元市', '510000', '7');
INSERT INTO `cmswing_area` VALUES ('510900', '遂宁市', '510000', '8');
INSERT INTO `cmswing_area` VALUES ('511000', '内江市', '510000', '9');
INSERT INTO `cmswing_area` VALUES ('511100', '乐山市', '510000', '10');
INSERT INTO `cmswing_area` VALUES ('511300', '南充市', '510000', '11');
INSERT INTO `cmswing_area` VALUES ('511400', '眉山市', '510000', '12');
INSERT INTO `cmswing_area` VALUES ('511500', '宜宾市', '510000', '13');
INSERT INTO `cmswing_area` VALUES ('511600', '广安市', '510000', '14');
INSERT INTO `cmswing_area` VALUES ('511700', '达州市', '510000', '15');
INSERT INTO `cmswing_area` VALUES ('511800', '雅安市', '510000', '16');
INSERT INTO `cmswing_area` VALUES ('511900', '巴中市', '510000', '17');
INSERT INTO `cmswing_area` VALUES ('512000', '资阳市', '510000', '18');
INSERT INTO `cmswing_area` VALUES ('513200', '阿坝藏族羌族自治州', '510000', '19');
INSERT INTO `cmswing_area` VALUES ('513300', '甘孜藏族自治州', '510000', '20');
INSERT INTO `cmswing_area` VALUES ('513400', '凉山彝族自治州', '510000', '21');
INSERT INTO `cmswing_area` VALUES ('520100', '贵阳市', '520000', '1');
INSERT INTO `cmswing_area` VALUES ('520200', '六盘水市', '520000', '2');
INSERT INTO `cmswing_area` VALUES ('520300', '遵义市', '520000', '3');
INSERT INTO `cmswing_area` VALUES ('520400', '安顺市', '520000', '4');
INSERT INTO `cmswing_area` VALUES ('522200', '铜仁地区', '520000', '5');
INSERT INTO `cmswing_area` VALUES ('522300', '黔西南布依族苗族自治州', '520000', '6');
INSERT INTO `cmswing_area` VALUES ('522400', '毕节地区', '520000', '7');
INSERT INTO `cmswing_area` VALUES ('522600', '黔东南苗族侗族自治州', '520000', '8');
INSERT INTO `cmswing_area` VALUES ('522700', '黔南布依族苗族自治州', '520000', '9');
INSERT INTO `cmswing_area` VALUES ('530100', '昆明市', '530000', '1');
INSERT INTO `cmswing_area` VALUES ('530300', '曲靖市', '530000', '2');
INSERT INTO `cmswing_area` VALUES ('530400', '玉溪市', '530000', '3');
INSERT INTO `cmswing_area` VALUES ('530500', '保山市', '530000', '4');
INSERT INTO `cmswing_area` VALUES ('530600', '昭通市', '530000', '5');
INSERT INTO `cmswing_area` VALUES ('530700', '丽江市', '530000', '6');
INSERT INTO `cmswing_area` VALUES ('530800', '思茅市', '530000', '7');
INSERT INTO `cmswing_area` VALUES ('530900', '临沧市', '530000', '8');
INSERT INTO `cmswing_area` VALUES ('532300', '楚雄彝族自治州', '530000', '9');
INSERT INTO `cmswing_area` VALUES ('532500', '红河哈尼族彝族自治州', '530000', '10');
INSERT INTO `cmswing_area` VALUES ('532600', '文山壮族苗族自治州', '530000', '11');
INSERT INTO `cmswing_area` VALUES ('532800', '西双版纳傣族自治州', '530000', '12');
INSERT INTO `cmswing_area` VALUES ('532900', '大理白族自治州', '530000', '13');
INSERT INTO `cmswing_area` VALUES ('533100', '德宏傣族景颇族自治州', '530000', '14');
INSERT INTO `cmswing_area` VALUES ('533300', '怒江傈僳族自治州', '530000', '15');
INSERT INTO `cmswing_area` VALUES ('533400', '迪庆藏族自治州', '530000', '16');
INSERT INTO `cmswing_area` VALUES ('540100', '拉萨市', '540000', '1');
INSERT INTO `cmswing_area` VALUES ('542100', '昌都地区', '540000', '2');
INSERT INTO `cmswing_area` VALUES ('542200', '山南地区', '540000', '3');
INSERT INTO `cmswing_area` VALUES ('542300', '日喀则地区', '540000', '4');
INSERT INTO `cmswing_area` VALUES ('542400', '那曲地区', '540000', '5');
INSERT INTO `cmswing_area` VALUES ('542500', '阿里地区', '540000', '6');
INSERT INTO `cmswing_area` VALUES ('542600', '林芝地区', '540000', '7');
INSERT INTO `cmswing_area` VALUES ('610100', '西安市', '610000', '1');
INSERT INTO `cmswing_area` VALUES ('610200', '铜川市', '610000', '2');
INSERT INTO `cmswing_area` VALUES ('610300', '宝鸡市', '610000', '3');
INSERT INTO `cmswing_area` VALUES ('610400', '咸阳市', '610000', '4');
INSERT INTO `cmswing_area` VALUES ('610500', '渭南市', '610000', '5');
INSERT INTO `cmswing_area` VALUES ('610600', '延安市', '610000', '6');
INSERT INTO `cmswing_area` VALUES ('610700', '汉中市', '610000', '7');
INSERT INTO `cmswing_area` VALUES ('610800', '榆林市', '610000', '8');
INSERT INTO `cmswing_area` VALUES ('610900', '安康市', '610000', '9');
INSERT INTO `cmswing_area` VALUES ('611000', '商洛市', '610000', '10');
INSERT INTO `cmswing_area` VALUES ('620100', '兰州市', '620000', '1');
INSERT INTO `cmswing_area` VALUES ('620200', '嘉峪关市', '620000', '2');
INSERT INTO `cmswing_area` VALUES ('620300', '金昌市', '620000', '3');
INSERT INTO `cmswing_area` VALUES ('620400', '白银市', '620000', '4');
INSERT INTO `cmswing_area` VALUES ('620500', '天水市', '620000', '5');
INSERT INTO `cmswing_area` VALUES ('620600', '武威市', '620000', '6');
INSERT INTO `cmswing_area` VALUES ('620700', '张掖市', '620000', '7');
INSERT INTO `cmswing_area` VALUES ('620800', '平凉市', '620000', '8');
INSERT INTO `cmswing_area` VALUES ('620900', '酒泉市', '620000', '9');
INSERT INTO `cmswing_area` VALUES ('621000', '庆阳市', '620000', '10');
INSERT INTO `cmswing_area` VALUES ('621100', '定西市', '620000', '11');
INSERT INTO `cmswing_area` VALUES ('621200', '陇南市', '620000', '12');
INSERT INTO `cmswing_area` VALUES ('622900', '临夏回族自治州', '620000', '13');
INSERT INTO `cmswing_area` VALUES ('623000', '甘南藏族自治州', '620000', '14');
INSERT INTO `cmswing_area` VALUES ('630100', '西宁市', '630000', '1');
INSERT INTO `cmswing_area` VALUES ('632100', '海东地区', '630000', '2');
INSERT INTO `cmswing_area` VALUES ('632200', '海北藏族自治州', '630000', '3');
INSERT INTO `cmswing_area` VALUES ('632300', '黄南藏族自治州', '630000', '4');
INSERT INTO `cmswing_area` VALUES ('632500', '海南藏族自治州', '630000', '5');
INSERT INTO `cmswing_area` VALUES ('632600', '果洛藏族自治州', '630000', '6');
INSERT INTO `cmswing_area` VALUES ('632700', '玉树藏族自治州', '630000', '7');
INSERT INTO `cmswing_area` VALUES ('632800', '海西蒙古族藏族自治州', '630000', '8');
INSERT INTO `cmswing_area` VALUES ('640100', '银川市', '640000', '1');
INSERT INTO `cmswing_area` VALUES ('640200', '石嘴山市', '640000', '2');
INSERT INTO `cmswing_area` VALUES ('640300', '吴忠市', '640000', '3');
INSERT INTO `cmswing_area` VALUES ('640400', '固原市', '640000', '4');
INSERT INTO `cmswing_area` VALUES ('640500', '中卫市', '640000', '5');
INSERT INTO `cmswing_area` VALUES ('650100', '乌鲁木齐市', '650000', '1');
INSERT INTO `cmswing_area` VALUES ('650200', '克拉玛依市', '650000', '2');
INSERT INTO `cmswing_area` VALUES ('652100', '吐鲁番地区', '650000', '3');
INSERT INTO `cmswing_area` VALUES ('652200', '哈密地区', '650000', '4');
INSERT INTO `cmswing_area` VALUES ('652300', '昌吉回族自治州', '650000', '5');
INSERT INTO `cmswing_area` VALUES ('652700', '博尔塔拉蒙古自治州', '650000', '6');
INSERT INTO `cmswing_area` VALUES ('652800', '巴音郭楞蒙古自治州', '650000', '7');
INSERT INTO `cmswing_area` VALUES ('652900', '阿克苏地区', '650000', '8');
INSERT INTO `cmswing_area` VALUES ('653000', '克孜勒苏柯尔克孜自治州', '650000', '9');
INSERT INTO `cmswing_area` VALUES ('653100', '喀什地区', '650000', '10');
INSERT INTO `cmswing_area` VALUES ('653200', '和田地区', '650000', '11');
INSERT INTO `cmswing_area` VALUES ('654000', '伊犁哈萨克自治州', '650000', '12');
INSERT INTO `cmswing_area` VALUES ('654200', '塔城地区', '650000', '13');
INSERT INTO `cmswing_area` VALUES ('654300', '阿勒泰地区', '650000', '14');
INSERT INTO `cmswing_area` VALUES ('659000', '省直辖行政单位', '650000', '15');
INSERT INTO `cmswing_area` VALUES ('110101', '东城区', '110100', '1');
INSERT INTO `cmswing_area` VALUES ('110102', '西城区', '110100', '2');
INSERT INTO `cmswing_area` VALUES ('110103', '崇文区', '110100', '3');
INSERT INTO `cmswing_area` VALUES ('110104', '宣武区', '110100', '4');
INSERT INTO `cmswing_area` VALUES ('110105', '朝阳区', '110100', '5');
INSERT INTO `cmswing_area` VALUES ('110106', '丰台区', '110100', '6');
INSERT INTO `cmswing_area` VALUES ('110107', '石景山区', '110100', '7');
INSERT INTO `cmswing_area` VALUES ('110108', '海淀区', '110100', '8');
INSERT INTO `cmswing_area` VALUES ('110109', '门头沟区', '110100', '9');
INSERT INTO `cmswing_area` VALUES ('110111', '房山区', '110100', '10');
INSERT INTO `cmswing_area` VALUES ('110112', '通州区', '110100', '11');
INSERT INTO `cmswing_area` VALUES ('110113', '顺义区', '110100', '12');
INSERT INTO `cmswing_area` VALUES ('110114', '昌平区', '110100', '13');
INSERT INTO `cmswing_area` VALUES ('110115', '大兴区', '110100', '14');
INSERT INTO `cmswing_area` VALUES ('110116', '怀柔区', '110100', '15');
INSERT INTO `cmswing_area` VALUES ('110117', '平谷区', '110100', '16');
INSERT INTO `cmswing_area` VALUES ('110228', '密云县', '110200', '1');
INSERT INTO `cmswing_area` VALUES ('110229', '延庆县', '110200', '2');
INSERT INTO `cmswing_area` VALUES ('120101', '和平区', '120100', '1');
INSERT INTO `cmswing_area` VALUES ('120102', '河东区', '120100', '2');
INSERT INTO `cmswing_area` VALUES ('120103', '河西区', '120100', '3');
INSERT INTO `cmswing_area` VALUES ('120104', '南开区', '120100', '4');
INSERT INTO `cmswing_area` VALUES ('120105', '河北区', '120100', '5');
INSERT INTO `cmswing_area` VALUES ('120106', '红桥区', '120100', '6');
INSERT INTO `cmswing_area` VALUES ('120107', '塘沽区', '120100', '7');
INSERT INTO `cmswing_area` VALUES ('120108', '汉沽区', '120100', '8');
INSERT INTO `cmswing_area` VALUES ('120109', '大港区', '120100', '9');
INSERT INTO `cmswing_area` VALUES ('120110', '东丽区', '120100', '10');
INSERT INTO `cmswing_area` VALUES ('120111', '西青区', '120100', '11');
INSERT INTO `cmswing_area` VALUES ('120112', '津南区', '120100', '12');
INSERT INTO `cmswing_area` VALUES ('120113', '北辰区', '120100', '13');
INSERT INTO `cmswing_area` VALUES ('120114', '武清区', '120100', '14');
INSERT INTO `cmswing_area` VALUES ('120115', '宝坻区', '120100', '15');
INSERT INTO `cmswing_area` VALUES ('120221', '宁河县', '120200', '1');
INSERT INTO `cmswing_area` VALUES ('120223', '静海县', '120200', '2');
INSERT INTO `cmswing_area` VALUES ('120225', '蓟　县', '120200', '3');
INSERT INTO `cmswing_area` VALUES ('130101', '市辖区', '130100', '1');
INSERT INTO `cmswing_area` VALUES ('130102', '长安区', '130100', '2');
INSERT INTO `cmswing_area` VALUES ('130103', '桥东区', '130100', '3');
INSERT INTO `cmswing_area` VALUES ('130104', '桥西区', '130100', '4');
INSERT INTO `cmswing_area` VALUES ('130105', '新华区', '130100', '5');
INSERT INTO `cmswing_area` VALUES ('130107', '井陉矿区', '130100', '6');
INSERT INTO `cmswing_area` VALUES ('130108', '裕华区', '130100', '7');
INSERT INTO `cmswing_area` VALUES ('130121', '井陉县', '130100', '8');
INSERT INTO `cmswing_area` VALUES ('130123', '正定县', '130100', '9');
INSERT INTO `cmswing_area` VALUES ('130124', '栾城县', '130100', '10');
INSERT INTO `cmswing_area` VALUES ('130125', '行唐县', '130100', '11');
INSERT INTO `cmswing_area` VALUES ('130126', '灵寿县', '130100', '12');
INSERT INTO `cmswing_area` VALUES ('130127', '高邑县', '130100', '13');
INSERT INTO `cmswing_area` VALUES ('130128', '深泽县', '130100', '14');
INSERT INTO `cmswing_area` VALUES ('130129', '赞皇县', '130100', '15');
INSERT INTO `cmswing_area` VALUES ('130130', '无极县', '130100', '16');
INSERT INTO `cmswing_area` VALUES ('130131', '平山县', '130100', '17');
INSERT INTO `cmswing_area` VALUES ('130132', '元氏县', '130100', '18');
INSERT INTO `cmswing_area` VALUES ('130133', '赵　县', '130100', '19');
INSERT INTO `cmswing_area` VALUES ('130181', '辛集市', '130100', '20');
INSERT INTO `cmswing_area` VALUES ('130182', '藁城市', '130100', '21');
INSERT INTO `cmswing_area` VALUES ('130183', '晋州市', '130100', '22');
INSERT INTO `cmswing_area` VALUES ('130184', '新乐市', '130100', '23');
INSERT INTO `cmswing_area` VALUES ('130185', '鹿泉市', '130100', '24');
INSERT INTO `cmswing_area` VALUES ('130201', '市辖区', '130200', '1');
INSERT INTO `cmswing_area` VALUES ('130202', '路南区', '130200', '2');
INSERT INTO `cmswing_area` VALUES ('130203', '路北区', '130200', '3');
INSERT INTO `cmswing_area` VALUES ('130204', '古冶区', '130200', '4');
INSERT INTO `cmswing_area` VALUES ('130205', '开平区', '130200', '5');
INSERT INTO `cmswing_area` VALUES ('130207', '丰南区', '130200', '6');
INSERT INTO `cmswing_area` VALUES ('130208', '丰润区', '130200', '7');
INSERT INTO `cmswing_area` VALUES ('130223', '滦　县', '130200', '8');
INSERT INTO `cmswing_area` VALUES ('130224', '滦南县', '130200', '9');
INSERT INTO `cmswing_area` VALUES ('130225', '乐亭县', '130200', '10');
INSERT INTO `cmswing_area` VALUES ('130227', '迁西县', '130200', '11');
INSERT INTO `cmswing_area` VALUES ('130229', '玉田县', '130200', '12');
INSERT INTO `cmswing_area` VALUES ('130230', '唐海县', '130200', '13');
INSERT INTO `cmswing_area` VALUES ('130281', '遵化市', '130200', '14');
INSERT INTO `cmswing_area` VALUES ('130283', '迁安市', '130200', '15');
INSERT INTO `cmswing_area` VALUES ('130301', '市辖区', '130300', '1');
INSERT INTO `cmswing_area` VALUES ('130302', '海港区', '130300', '2');
INSERT INTO `cmswing_area` VALUES ('130303', '山海关区', '130300', '3');
INSERT INTO `cmswing_area` VALUES ('130304', '北戴河区', '130300', '4');
INSERT INTO `cmswing_area` VALUES ('130321', '青龙满族自治县', '130300', '5');
INSERT INTO `cmswing_area` VALUES ('130322', '昌黎县', '130300', '6');
INSERT INTO `cmswing_area` VALUES ('130323', '抚宁县', '130300', '7');
INSERT INTO `cmswing_area` VALUES ('130324', '卢龙县', '130300', '8');
INSERT INTO `cmswing_area` VALUES ('130401', '市辖区', '130400', '1');
INSERT INTO `cmswing_area` VALUES ('130402', '邯山区', '130400', '2');
INSERT INTO `cmswing_area` VALUES ('130403', '丛台区', '130400', '3');
INSERT INTO `cmswing_area` VALUES ('130404', '复兴区', '130400', '4');
INSERT INTO `cmswing_area` VALUES ('130406', '峰峰矿区', '130400', '5');
INSERT INTO `cmswing_area` VALUES ('130421', '邯郸县', '130400', '6');
INSERT INTO `cmswing_area` VALUES ('130423', '临漳县', '130400', '7');
INSERT INTO `cmswing_area` VALUES ('130424', '成安县', '130400', '8');
INSERT INTO `cmswing_area` VALUES ('130425', '大名县', '130400', '9');
INSERT INTO `cmswing_area` VALUES ('130426', '涉　县', '130400', '10');
INSERT INTO `cmswing_area` VALUES ('130427', '磁　县', '130400', '11');
INSERT INTO `cmswing_area` VALUES ('130428', '肥乡县', '130400', '12');
INSERT INTO `cmswing_area` VALUES ('130429', '永年县', '130400', '13');
INSERT INTO `cmswing_area` VALUES ('130430', '邱　县', '130400', '14');
INSERT INTO `cmswing_area` VALUES ('130431', '鸡泽县', '130400', '15');
INSERT INTO `cmswing_area` VALUES ('130432', '广平县', '130400', '16');
INSERT INTO `cmswing_area` VALUES ('130433', '馆陶县', '130400', '17');
INSERT INTO `cmswing_area` VALUES ('130434', '魏　县', '130400', '18');
INSERT INTO `cmswing_area` VALUES ('130435', '曲周县', '130400', '19');
INSERT INTO `cmswing_area` VALUES ('130481', '武安市', '130400', '20');
INSERT INTO `cmswing_area` VALUES ('130501', '市辖区', '130500', '1');
INSERT INTO `cmswing_area` VALUES ('130502', '桥东区', '130500', '2');
INSERT INTO `cmswing_area` VALUES ('130503', '桥西区', '130500', '3');
INSERT INTO `cmswing_area` VALUES ('130521', '邢台县', '130500', '4');
INSERT INTO `cmswing_area` VALUES ('130522', '临城县', '130500', '5');
INSERT INTO `cmswing_area` VALUES ('130523', '内丘县', '130500', '6');
INSERT INTO `cmswing_area` VALUES ('130524', '柏乡县', '130500', '7');
INSERT INTO `cmswing_area` VALUES ('130525', '隆尧县', '130500', '8');
INSERT INTO `cmswing_area` VALUES ('130526', '任　县', '130500', '9');
INSERT INTO `cmswing_area` VALUES ('130527', '南和县', '130500', '10');
INSERT INTO `cmswing_area` VALUES ('130528', '宁晋县', '130500', '11');
INSERT INTO `cmswing_area` VALUES ('130529', '巨鹿县', '130500', '12');
INSERT INTO `cmswing_area` VALUES ('130530', '新河县', '130500', '13');
INSERT INTO `cmswing_area` VALUES ('130531', '广宗县', '130500', '14');
INSERT INTO `cmswing_area` VALUES ('130532', '平乡县', '130500', '15');
INSERT INTO `cmswing_area` VALUES ('130533', '威　县', '130500', '16');
INSERT INTO `cmswing_area` VALUES ('130534', '清河县', '130500', '17');
INSERT INTO `cmswing_area` VALUES ('130535', '临西县', '130500', '18');
INSERT INTO `cmswing_area` VALUES ('130581', '南宫市', '130500', '19');
INSERT INTO `cmswing_area` VALUES ('130582', '沙河市', '130500', '20');
INSERT INTO `cmswing_area` VALUES ('130601', '市辖区', '130600', '1');
INSERT INTO `cmswing_area` VALUES ('130602', '新市区', '130600', '2');
INSERT INTO `cmswing_area` VALUES ('130603', '北市区', '130600', '3');
INSERT INTO `cmswing_area` VALUES ('130604', '南市区', '130600', '4');
INSERT INTO `cmswing_area` VALUES ('130621', '满城县', '130600', '5');
INSERT INTO `cmswing_area` VALUES ('130622', '清苑县', '130600', '6');
INSERT INTO `cmswing_area` VALUES ('130623', '涞水县', '130600', '7');
INSERT INTO `cmswing_area` VALUES ('130624', '阜平县', '130600', '8');
INSERT INTO `cmswing_area` VALUES ('130625', '徐水县', '130600', '9');
INSERT INTO `cmswing_area` VALUES ('130626', '定兴县', '130600', '10');
INSERT INTO `cmswing_area` VALUES ('130627', '唐　县', '130600', '11');
INSERT INTO `cmswing_area` VALUES ('130628', '高阳县', '130600', '12');
INSERT INTO `cmswing_area` VALUES ('130629', '容城县', '130600', '13');
INSERT INTO `cmswing_area` VALUES ('130630', '涞源县', '130600', '14');
INSERT INTO `cmswing_area` VALUES ('130631', '望都县', '130600', '15');
INSERT INTO `cmswing_area` VALUES ('130632', '安新县', '130600', '16');
INSERT INTO `cmswing_area` VALUES ('130633', '易　县', '130600', '17');
INSERT INTO `cmswing_area` VALUES ('130634', '曲阳县', '130600', '18');
INSERT INTO `cmswing_area` VALUES ('130635', '蠡　县', '130600', '19');
INSERT INTO `cmswing_area` VALUES ('130636', '顺平县', '130600', '20');
INSERT INTO `cmswing_area` VALUES ('130637', '博野县', '130600', '21');
INSERT INTO `cmswing_area` VALUES ('130638', '雄　县', '130600', '22');
INSERT INTO `cmswing_area` VALUES ('130681', '涿州市', '130600', '23');
INSERT INTO `cmswing_area` VALUES ('130682', '定州市', '130600', '24');
INSERT INTO `cmswing_area` VALUES ('130683', '安国市', '130600', '25');
INSERT INTO `cmswing_area` VALUES ('130684', '高碑店市', '130600', '26');
INSERT INTO `cmswing_area` VALUES ('130701', '市辖区', '130700', '1');
INSERT INTO `cmswing_area` VALUES ('130702', '桥东区', '130700', '2');
INSERT INTO `cmswing_area` VALUES ('130703', '桥西区', '130700', '3');
INSERT INTO `cmswing_area` VALUES ('130705', '宣化区', '130700', '4');
INSERT INTO `cmswing_area` VALUES ('130706', '下花园区', '130700', '5');
INSERT INTO `cmswing_area` VALUES ('130721', '宣化县', '130700', '6');
INSERT INTO `cmswing_area` VALUES ('130722', '张北县', '130700', '7');
INSERT INTO `cmswing_area` VALUES ('130723', '康保县', '130700', '8');
INSERT INTO `cmswing_area` VALUES ('130724', '沽源县', '130700', '9');
INSERT INTO `cmswing_area` VALUES ('130725', '尚义县', '130700', '10');
INSERT INTO `cmswing_area` VALUES ('130726', '蔚　县', '130700', '11');
INSERT INTO `cmswing_area` VALUES ('130727', '阳原县', '130700', '12');
INSERT INTO `cmswing_area` VALUES ('130728', '怀安县', '130700', '13');
INSERT INTO `cmswing_area` VALUES ('130729', '万全县', '130700', '14');
INSERT INTO `cmswing_area` VALUES ('130730', '怀来县', '130700', '15');
INSERT INTO `cmswing_area` VALUES ('130731', '涿鹿县', '130700', '16');
INSERT INTO `cmswing_area` VALUES ('130732', '赤城县', '130700', '17');
INSERT INTO `cmswing_area` VALUES ('130733', '崇礼县', '130700', '18');
INSERT INTO `cmswing_area` VALUES ('130801', '市辖区', '130800', '1');
INSERT INTO `cmswing_area` VALUES ('130802', '双桥区', '130800', '2');
INSERT INTO `cmswing_area` VALUES ('130803', '双滦区', '130800', '3');
INSERT INTO `cmswing_area` VALUES ('130804', '鹰手营子矿区', '130800', '4');
INSERT INTO `cmswing_area` VALUES ('130821', '承德县', '130800', '5');
INSERT INTO `cmswing_area` VALUES ('130822', '兴隆县', '130800', '6');
INSERT INTO `cmswing_area` VALUES ('130823', '平泉县', '130800', '7');
INSERT INTO `cmswing_area` VALUES ('130824', '滦平县', '130800', '8');
INSERT INTO `cmswing_area` VALUES ('130825', '隆化县', '130800', '9');
INSERT INTO `cmswing_area` VALUES ('130826', '丰宁满族自治县', '130800', '10');
INSERT INTO `cmswing_area` VALUES ('130827', '宽城满族自治县', '130800', '11');
INSERT INTO `cmswing_area` VALUES ('130828', '围场满族蒙古族自治县', '130800', '12');
INSERT INTO `cmswing_area` VALUES ('130901', '市辖区', '130900', '1');
INSERT INTO `cmswing_area` VALUES ('130902', '新华区', '130900', '2');
INSERT INTO `cmswing_area` VALUES ('130903', '运河区', '130900', '3');
INSERT INTO `cmswing_area` VALUES ('130921', '沧　县', '130900', '4');
INSERT INTO `cmswing_area` VALUES ('130922', '青　县', '130900', '5');
INSERT INTO `cmswing_area` VALUES ('130923', '东光县', '130900', '6');
INSERT INTO `cmswing_area` VALUES ('130924', '海兴县', '130900', '7');
INSERT INTO `cmswing_area` VALUES ('130925', '盐山县', '130900', '8');
INSERT INTO `cmswing_area` VALUES ('130926', '肃宁县', '130900', '9');
INSERT INTO `cmswing_area` VALUES ('130927', '南皮县', '130900', '10');
INSERT INTO `cmswing_area` VALUES ('130928', '吴桥县', '130900', '11');
INSERT INTO `cmswing_area` VALUES ('130929', '献　县', '130900', '12');
INSERT INTO `cmswing_area` VALUES ('130930', '孟村回族自治县', '130900', '13');
INSERT INTO `cmswing_area` VALUES ('130981', '泊头市', '130900', '14');
INSERT INTO `cmswing_area` VALUES ('130982', '任丘市', '130900', '15');
INSERT INTO `cmswing_area` VALUES ('130983', '黄骅市', '130900', '16');
INSERT INTO `cmswing_area` VALUES ('130984', '河间市', '130900', '17');
INSERT INTO `cmswing_area` VALUES ('131001', '市辖区', '131000', '1');
INSERT INTO `cmswing_area` VALUES ('131002', '安次区', '131000', '2');
INSERT INTO `cmswing_area` VALUES ('131003', '广阳区', '131000', '3');
INSERT INTO `cmswing_area` VALUES ('131022', '固安县', '131000', '4');
INSERT INTO `cmswing_area` VALUES ('131023', '永清县', '131000', '5');
INSERT INTO `cmswing_area` VALUES ('131024', '香河县', '131000', '6');
INSERT INTO `cmswing_area` VALUES ('131025', '大城县', '131000', '7');
INSERT INTO `cmswing_area` VALUES ('131026', '文安县', '131000', '8');
INSERT INTO `cmswing_area` VALUES ('131028', '大厂回族自治县', '131000', '9');
INSERT INTO `cmswing_area` VALUES ('131081', '霸州市', '131000', '10');
INSERT INTO `cmswing_area` VALUES ('131082', '三河市', '131000', '11');
INSERT INTO `cmswing_area` VALUES ('131101', '市辖区', '131100', '1');
INSERT INTO `cmswing_area` VALUES ('131102', '桃城区', '131100', '2');
INSERT INTO `cmswing_area` VALUES ('131121', '枣强县', '131100', '3');
INSERT INTO `cmswing_area` VALUES ('131122', '武邑县', '131100', '4');
INSERT INTO `cmswing_area` VALUES ('131123', '武强县', '131100', '5');
INSERT INTO `cmswing_area` VALUES ('131124', '饶阳县', '131100', '6');
INSERT INTO `cmswing_area` VALUES ('131125', '安平县', '131100', '7');
INSERT INTO `cmswing_area` VALUES ('131126', '故城县', '131100', '8');
INSERT INTO `cmswing_area` VALUES ('131127', '景　县', '131100', '9');
INSERT INTO `cmswing_area` VALUES ('131128', '阜城县', '131100', '10');
INSERT INTO `cmswing_area` VALUES ('131181', '冀州市', '131100', '11');
INSERT INTO `cmswing_area` VALUES ('131182', '深州市', '131100', '12');
INSERT INTO `cmswing_area` VALUES ('140101', '市辖区', '140100', '1');
INSERT INTO `cmswing_area` VALUES ('140105', '小店区', '140100', '2');
INSERT INTO `cmswing_area` VALUES ('140106', '迎泽区', '140100', '3');
INSERT INTO `cmswing_area` VALUES ('140107', '杏花岭区', '140100', '4');
INSERT INTO `cmswing_area` VALUES ('140108', '尖草坪区', '140100', '5');
INSERT INTO `cmswing_area` VALUES ('140109', '万柏林区', '140100', '6');
INSERT INTO `cmswing_area` VALUES ('140110', '晋源区', '140100', '7');
INSERT INTO `cmswing_area` VALUES ('140121', '清徐县', '140100', '8');
INSERT INTO `cmswing_area` VALUES ('140122', '阳曲县', '140100', '9');
INSERT INTO `cmswing_area` VALUES ('140123', '娄烦县', '140100', '10');
INSERT INTO `cmswing_area` VALUES ('140181', '古交市', '140100', '11');
INSERT INTO `cmswing_area` VALUES ('140201', '市辖区', '140200', '1');
INSERT INTO `cmswing_area` VALUES ('140202', '城　区', '140200', '2');
INSERT INTO `cmswing_area` VALUES ('140203', '矿　区', '140200', '3');
INSERT INTO `cmswing_area` VALUES ('140211', '南郊区', '140200', '4');
INSERT INTO `cmswing_area` VALUES ('140212', '新荣区', '140200', '5');
INSERT INTO `cmswing_area` VALUES ('140221', '阳高县', '140200', '6');
INSERT INTO `cmswing_area` VALUES ('140222', '天镇县', '140200', '7');
INSERT INTO `cmswing_area` VALUES ('140223', '广灵县', '140200', '8');
INSERT INTO `cmswing_area` VALUES ('140224', '灵丘县', '140200', '9');
INSERT INTO `cmswing_area` VALUES ('140225', '浑源县', '140200', '10');
INSERT INTO `cmswing_area` VALUES ('140226', '左云县', '140200', '11');
INSERT INTO `cmswing_area` VALUES ('140227', '大同县', '140200', '12');
INSERT INTO `cmswing_area` VALUES ('140301', '市辖区', '140300', '1');
INSERT INTO `cmswing_area` VALUES ('140302', '城　区', '140300', '2');
INSERT INTO `cmswing_area` VALUES ('140303', '矿　区', '140300', '3');
INSERT INTO `cmswing_area` VALUES ('140311', '郊　区', '140300', '4');
INSERT INTO `cmswing_area` VALUES ('140321', '平定县', '140300', '5');
INSERT INTO `cmswing_area` VALUES ('140322', '盂　县', '140300', '6');
INSERT INTO `cmswing_area` VALUES ('140401', '市辖区', '140400', '1');
INSERT INTO `cmswing_area` VALUES ('140402', '城　区', '140400', '2');
INSERT INTO `cmswing_area` VALUES ('140411', '郊　区', '140400', '3');
INSERT INTO `cmswing_area` VALUES ('140421', '长治县', '140400', '4');
INSERT INTO `cmswing_area` VALUES ('140423', '襄垣县', '140400', '5');
INSERT INTO `cmswing_area` VALUES ('140424', '屯留县', '140400', '6');
INSERT INTO `cmswing_area` VALUES ('140425', '平顺县', '140400', '7');
INSERT INTO `cmswing_area` VALUES ('140426', '黎城县', '140400', '8');
INSERT INTO `cmswing_area` VALUES ('140427', '壶关县', '140400', '9');
INSERT INTO `cmswing_area` VALUES ('140428', '长子县', '140400', '10');
INSERT INTO `cmswing_area` VALUES ('140429', '武乡县', '140400', '11');
INSERT INTO `cmswing_area` VALUES ('140430', '沁　县', '140400', '12');
INSERT INTO `cmswing_area` VALUES ('140431', '沁源县', '140400', '13');
INSERT INTO `cmswing_area` VALUES ('140481', '潞城市', '140400', '14');
INSERT INTO `cmswing_area` VALUES ('140501', '市辖区', '140500', '1');
INSERT INTO `cmswing_area` VALUES ('140502', '城　区', '140500', '2');
INSERT INTO `cmswing_area` VALUES ('140521', '沁水县', '140500', '3');
INSERT INTO `cmswing_area` VALUES ('140522', '阳城县', '140500', '4');
INSERT INTO `cmswing_area` VALUES ('140524', '陵川县', '140500', '5');
INSERT INTO `cmswing_area` VALUES ('140525', '泽州县', '140500', '6');
INSERT INTO `cmswing_area` VALUES ('140581', '高平市', '140500', '7');
INSERT INTO `cmswing_area` VALUES ('140601', '市辖区', '140600', '1');
INSERT INTO `cmswing_area` VALUES ('140602', '朔城区', '140600', '2');
INSERT INTO `cmswing_area` VALUES ('140603', '平鲁区', '140600', '3');
INSERT INTO `cmswing_area` VALUES ('140621', '山阴县', '140600', '4');
INSERT INTO `cmswing_area` VALUES ('140622', '应　县', '140600', '5');
INSERT INTO `cmswing_area` VALUES ('140623', '右玉县', '140600', '6');
INSERT INTO `cmswing_area` VALUES ('140624', '怀仁县', '140600', '7');
INSERT INTO `cmswing_area` VALUES ('140701', '市辖区', '140700', '1');
INSERT INTO `cmswing_area` VALUES ('140702', '榆次区', '140700', '2');
INSERT INTO `cmswing_area` VALUES ('140721', '榆社县', '140700', '3');
INSERT INTO `cmswing_area` VALUES ('140722', '左权县', '140700', '4');
INSERT INTO `cmswing_area` VALUES ('140723', '和顺县', '140700', '5');
INSERT INTO `cmswing_area` VALUES ('140724', '昔阳县', '140700', '6');
INSERT INTO `cmswing_area` VALUES ('140725', '寿阳县', '140700', '7');
INSERT INTO `cmswing_area` VALUES ('140726', '太谷县', '140700', '8');
INSERT INTO `cmswing_area` VALUES ('140727', '祁　县', '140700', '9');
INSERT INTO `cmswing_area` VALUES ('140728', '平遥县', '140700', '10');
INSERT INTO `cmswing_area` VALUES ('140729', '灵石县', '140700', '11');
INSERT INTO `cmswing_area` VALUES ('140781', '介休市', '140700', '12');
INSERT INTO `cmswing_area` VALUES ('140801', '市辖区', '140800', '1');
INSERT INTO `cmswing_area` VALUES ('140802', '盐湖区', '140800', '2');
INSERT INTO `cmswing_area` VALUES ('140821', '临猗县', '140800', '3');
INSERT INTO `cmswing_area` VALUES ('140822', '万荣县', '140800', '4');
INSERT INTO `cmswing_area` VALUES ('140823', '闻喜县', '140800', '5');
INSERT INTO `cmswing_area` VALUES ('140824', '稷山县', '140800', '6');
INSERT INTO `cmswing_area` VALUES ('140825', '新绛县', '140800', '7');
INSERT INTO `cmswing_area` VALUES ('140826', '绛　县', '140800', '8');
INSERT INTO `cmswing_area` VALUES ('140827', '垣曲县', '140800', '9');
INSERT INTO `cmswing_area` VALUES ('140828', '夏　县', '140800', '10');
INSERT INTO `cmswing_area` VALUES ('140829', '平陆县', '140800', '11');
INSERT INTO `cmswing_area` VALUES ('140830', '芮城县', '140800', '12');
INSERT INTO `cmswing_area` VALUES ('140881', '永济市', '140800', '13');
INSERT INTO `cmswing_area` VALUES ('140882', '河津市', '140800', '14');
INSERT INTO `cmswing_area` VALUES ('140901', '市辖区', '140900', '1');
INSERT INTO `cmswing_area` VALUES ('140902', '忻府区', '140900', '2');
INSERT INTO `cmswing_area` VALUES ('140921', '定襄县', '140900', '3');
INSERT INTO `cmswing_area` VALUES ('140922', '五台县', '140900', '4');
INSERT INTO `cmswing_area` VALUES ('140923', '代　县', '140900', '5');
INSERT INTO `cmswing_area` VALUES ('140924', '繁峙县', '140900', '6');
INSERT INTO `cmswing_area` VALUES ('140925', '宁武县', '140900', '7');
INSERT INTO `cmswing_area` VALUES ('140926', '静乐县', '140900', '8');
INSERT INTO `cmswing_area` VALUES ('140927', '神池县', '140900', '9');
INSERT INTO `cmswing_area` VALUES ('140928', '五寨县', '140900', '10');
INSERT INTO `cmswing_area` VALUES ('140929', '岢岚县', '140900', '11');
INSERT INTO `cmswing_area` VALUES ('140930', '河曲县', '140900', '12');
INSERT INTO `cmswing_area` VALUES ('140931', '保德县', '140900', '13');
INSERT INTO `cmswing_area` VALUES ('140932', '偏关县', '140900', '14');
INSERT INTO `cmswing_area` VALUES ('140981', '原平市', '140900', '15');
INSERT INTO `cmswing_area` VALUES ('141001', '市辖区', '141000', '1');
INSERT INTO `cmswing_area` VALUES ('141002', '尧都区', '141000', '2');
INSERT INTO `cmswing_area` VALUES ('141021', '曲沃县', '141000', '3');
INSERT INTO `cmswing_area` VALUES ('141022', '翼城县', '141000', '4');
INSERT INTO `cmswing_area` VALUES ('141023', '襄汾县', '141000', '5');
INSERT INTO `cmswing_area` VALUES ('141024', '洪洞县', '141000', '6');
INSERT INTO `cmswing_area` VALUES ('141025', '古　县', '141000', '7');
INSERT INTO `cmswing_area` VALUES ('141026', '安泽县', '141000', '8');
INSERT INTO `cmswing_area` VALUES ('141027', '浮山县', '141000', '9');
INSERT INTO `cmswing_area` VALUES ('141028', '吉　县', '141000', '10');
INSERT INTO `cmswing_area` VALUES ('141029', '乡宁县', '141000', '11');
INSERT INTO `cmswing_area` VALUES ('141030', '大宁县', '141000', '12');
INSERT INTO `cmswing_area` VALUES ('141031', '隰　县', '141000', '13');
INSERT INTO `cmswing_area` VALUES ('141032', '永和县', '141000', '14');
INSERT INTO `cmswing_area` VALUES ('141033', '蒲　县', '141000', '15');
INSERT INTO `cmswing_area` VALUES ('141034', '汾西县', '141000', '16');
INSERT INTO `cmswing_area` VALUES ('141081', '侯马市', '141000', '17');
INSERT INTO `cmswing_area` VALUES ('141082', '霍州市', '141000', '18');
INSERT INTO `cmswing_area` VALUES ('141101', '市辖区', '141100', '1');
INSERT INTO `cmswing_area` VALUES ('141102', '离石区', '141100', '2');
INSERT INTO `cmswing_area` VALUES ('141121', '文水县', '141100', '3');
INSERT INTO `cmswing_area` VALUES ('141122', '交城县', '141100', '4');
INSERT INTO `cmswing_area` VALUES ('141123', '兴　县', '141100', '5');
INSERT INTO `cmswing_area` VALUES ('141124', '临　县', '141100', '6');
INSERT INTO `cmswing_area` VALUES ('141125', '柳林县', '141100', '7');
INSERT INTO `cmswing_area` VALUES ('141126', '石楼县', '141100', '8');
INSERT INTO `cmswing_area` VALUES ('141127', '岚　县', '141100', '9');
INSERT INTO `cmswing_area` VALUES ('141128', '方山县', '141100', '10');
INSERT INTO `cmswing_area` VALUES ('141129', '中阳县', '141100', '11');
INSERT INTO `cmswing_area` VALUES ('141130', '交口县', '141100', '12');
INSERT INTO `cmswing_area` VALUES ('141181', '孝义市', '141100', '13');
INSERT INTO `cmswing_area` VALUES ('141182', '汾阳市', '141100', '14');
INSERT INTO `cmswing_area` VALUES ('150101', '市辖区', '150100', '1');
INSERT INTO `cmswing_area` VALUES ('150102', '新城区', '150100', '2');
INSERT INTO `cmswing_area` VALUES ('150103', '回民区', '150100', '3');
INSERT INTO `cmswing_area` VALUES ('150104', '玉泉区', '150100', '4');
INSERT INTO `cmswing_area` VALUES ('150105', '赛罕区', '150100', '5');
INSERT INTO `cmswing_area` VALUES ('150121', '土默特左旗', '150100', '6');
INSERT INTO `cmswing_area` VALUES ('150122', '托克托县', '150100', '7');
INSERT INTO `cmswing_area` VALUES ('150123', '和林格尔县', '150100', '8');
INSERT INTO `cmswing_area` VALUES ('150124', '清水河县', '150100', '9');
INSERT INTO `cmswing_area` VALUES ('150125', '武川县', '150100', '10');
INSERT INTO `cmswing_area` VALUES ('150201', '市辖区', '150200', '1');
INSERT INTO `cmswing_area` VALUES ('150202', '东河区', '150200', '2');
INSERT INTO `cmswing_area` VALUES ('150203', '昆都仑区', '150200', '3');
INSERT INTO `cmswing_area` VALUES ('150204', '青山区', '150200', '4');
INSERT INTO `cmswing_area` VALUES ('150205', '石拐区', '150200', '5');
INSERT INTO `cmswing_area` VALUES ('150206', '白云矿区', '150200', '6');
INSERT INTO `cmswing_area` VALUES ('150207', '九原区', '150200', '7');
INSERT INTO `cmswing_area` VALUES ('150221', '土默特右旗', '150200', '8');
INSERT INTO `cmswing_area` VALUES ('150222', '固阳县', '150200', '9');
INSERT INTO `cmswing_area` VALUES ('150223', '达尔罕茂明安联合旗', '150200', '10');
INSERT INTO `cmswing_area` VALUES ('150301', '市辖区', '150300', '1');
INSERT INTO `cmswing_area` VALUES ('150302', '海勃湾区', '150300', '2');
INSERT INTO `cmswing_area` VALUES ('150303', '海南区', '150300', '3');
INSERT INTO `cmswing_area` VALUES ('150304', '乌达区', '150300', '4');
INSERT INTO `cmswing_area` VALUES ('150401', '市辖区', '150400', '1');
INSERT INTO `cmswing_area` VALUES ('150402', '红山区', '150400', '2');
INSERT INTO `cmswing_area` VALUES ('150403', '元宝山区', '150400', '3');
INSERT INTO `cmswing_area` VALUES ('150404', '松山区', '150400', '4');
INSERT INTO `cmswing_area` VALUES ('150421', '阿鲁科尔沁旗', '150400', '5');
INSERT INTO `cmswing_area` VALUES ('150422', '巴林左旗', '150400', '6');
INSERT INTO `cmswing_area` VALUES ('150423', '巴林右旗', '150400', '7');
INSERT INTO `cmswing_area` VALUES ('150424', '林西县', '150400', '8');
INSERT INTO `cmswing_area` VALUES ('150425', '克什克腾旗', '150400', '9');
INSERT INTO `cmswing_area` VALUES ('150426', '翁牛特旗', '150400', '10');
INSERT INTO `cmswing_area` VALUES ('150428', '喀喇沁旗', '150400', '11');
INSERT INTO `cmswing_area` VALUES ('150429', '宁城县', '150400', '12');
INSERT INTO `cmswing_area` VALUES ('150430', '敖汉旗', '150400', '13');
INSERT INTO `cmswing_area` VALUES ('150501', '市辖区', '150500', '1');
INSERT INTO `cmswing_area` VALUES ('150502', '科尔沁区', '150500', '2');
INSERT INTO `cmswing_area` VALUES ('150521', '科尔沁左翼中旗', '150500', '3');
INSERT INTO `cmswing_area` VALUES ('150522', '科尔沁左翼后旗', '150500', '4');
INSERT INTO `cmswing_area` VALUES ('150523', '开鲁县', '150500', '5');
INSERT INTO `cmswing_area` VALUES ('150524', '库伦旗', '150500', '6');
INSERT INTO `cmswing_area` VALUES ('150525', '奈曼旗', '150500', '7');
INSERT INTO `cmswing_area` VALUES ('150526', '扎鲁特旗', '150500', '8');
INSERT INTO `cmswing_area` VALUES ('150581', '霍林郭勒市', '150500', '9');
INSERT INTO `cmswing_area` VALUES ('150602', '东胜区', '150600', '1');
INSERT INTO `cmswing_area` VALUES ('150621', '达拉特旗', '150600', '2');
INSERT INTO `cmswing_area` VALUES ('150622', '准格尔旗', '150600', '3');
INSERT INTO `cmswing_area` VALUES ('150623', '鄂托克前旗', '150600', '4');
INSERT INTO `cmswing_area` VALUES ('150624', '鄂托克旗', '150600', '5');
INSERT INTO `cmswing_area` VALUES ('150625', '杭锦旗', '150600', '6');
INSERT INTO `cmswing_area` VALUES ('150626', '乌审旗', '150600', '7');
INSERT INTO `cmswing_area` VALUES ('150627', '伊金霍洛旗', '150600', '8');
INSERT INTO `cmswing_area` VALUES ('150701', '市辖区', '150700', '1');
INSERT INTO `cmswing_area` VALUES ('150702', '海拉尔区', '150700', '2');
INSERT INTO `cmswing_area` VALUES ('150721', '阿荣旗', '150700', '3');
INSERT INTO `cmswing_area` VALUES ('150722', '莫力达瓦达斡尔族自治旗', '150700', '4');
INSERT INTO `cmswing_area` VALUES ('150723', '鄂伦春自治旗', '150700', '5');
INSERT INTO `cmswing_area` VALUES ('150724', '鄂温克族自治旗', '150700', '6');
INSERT INTO `cmswing_area` VALUES ('150725', '陈巴尔虎旗', '150700', '7');
INSERT INTO `cmswing_area` VALUES ('150726', '新巴尔虎左旗', '150700', '8');
INSERT INTO `cmswing_area` VALUES ('150727', '新巴尔虎右旗', '150700', '9');
INSERT INTO `cmswing_area` VALUES ('150781', '满洲里市', '150700', '10');
INSERT INTO `cmswing_area` VALUES ('150782', '牙克石市', '150700', '11');
INSERT INTO `cmswing_area` VALUES ('150783', '扎兰屯市', '150700', '12');
INSERT INTO `cmswing_area` VALUES ('150784', '额尔古纳市', '150700', '13');
INSERT INTO `cmswing_area` VALUES ('150785', '根河市', '150700', '14');
INSERT INTO `cmswing_area` VALUES ('150801', '市辖区', '150800', '1');
INSERT INTO `cmswing_area` VALUES ('150802', '临河区', '150800', '2');
INSERT INTO `cmswing_area` VALUES ('150821', '五原县', '150800', '3');
INSERT INTO `cmswing_area` VALUES ('150822', '磴口县', '150800', '4');
INSERT INTO `cmswing_area` VALUES ('150823', '乌拉特前旗', '150800', '5');
INSERT INTO `cmswing_area` VALUES ('150824', '乌拉特中旗', '150800', '6');
INSERT INTO `cmswing_area` VALUES ('150825', '乌拉特后旗', '150800', '7');
INSERT INTO `cmswing_area` VALUES ('150826', '杭锦后旗', '150800', '8');
INSERT INTO `cmswing_area` VALUES ('150901', '市辖区', '150900', '1');
INSERT INTO `cmswing_area` VALUES ('150902', '集宁区', '150900', '2');
INSERT INTO `cmswing_area` VALUES ('150921', '卓资县', '150900', '3');
INSERT INTO `cmswing_area` VALUES ('150922', '化德县', '150900', '4');
INSERT INTO `cmswing_area` VALUES ('150923', '商都县', '150900', '5');
INSERT INTO `cmswing_area` VALUES ('150924', '兴和县', '150900', '6');
INSERT INTO `cmswing_area` VALUES ('150925', '凉城县', '150900', '7');
INSERT INTO `cmswing_area` VALUES ('150926', '察哈尔右翼前旗', '150900', '8');
INSERT INTO `cmswing_area` VALUES ('150927', '察哈尔右翼中旗', '150900', '9');
INSERT INTO `cmswing_area` VALUES ('150928', '察哈尔右翼后旗', '150900', '10');
INSERT INTO `cmswing_area` VALUES ('150929', '四子王旗', '150900', '11');
INSERT INTO `cmswing_area` VALUES ('150981', '丰镇市', '150900', '12');
INSERT INTO `cmswing_area` VALUES ('152201', '乌兰浩特市', '152200', '1');
INSERT INTO `cmswing_area` VALUES ('152202', '阿尔山市', '152200', '2');
INSERT INTO `cmswing_area` VALUES ('152221', '科尔沁右翼前旗', '152200', '3');
INSERT INTO `cmswing_area` VALUES ('152222', '科尔沁右翼中旗', '152200', '4');
INSERT INTO `cmswing_area` VALUES ('152223', '扎赉特旗', '152200', '5');
INSERT INTO `cmswing_area` VALUES ('152224', '突泉县', '152200', '6');
INSERT INTO `cmswing_area` VALUES ('152501', '二连浩特市', '152500', '1');
INSERT INTO `cmswing_area` VALUES ('152502', '锡林浩特市', '152500', '2');
INSERT INTO `cmswing_area` VALUES ('152522', '阿巴嘎旗', '152500', '3');
INSERT INTO `cmswing_area` VALUES ('152523', '苏尼特左旗', '152500', '4');
INSERT INTO `cmswing_area` VALUES ('152524', '苏尼特右旗', '152500', '5');
INSERT INTO `cmswing_area` VALUES ('152525', '东乌珠穆沁旗', '152500', '6');
INSERT INTO `cmswing_area` VALUES ('152526', '西乌珠穆沁旗', '152500', '7');
INSERT INTO `cmswing_area` VALUES ('152527', '太仆寺旗', '152500', '8');
INSERT INTO `cmswing_area` VALUES ('152528', '镶黄旗', '152500', '9');
INSERT INTO `cmswing_area` VALUES ('152529', '正镶白旗', '152500', '10');
INSERT INTO `cmswing_area` VALUES ('152530', '正蓝旗', '152500', '11');
INSERT INTO `cmswing_area` VALUES ('152531', '多伦县', '152500', '12');
INSERT INTO `cmswing_area` VALUES ('152921', '阿拉善左旗', '152900', '1');
INSERT INTO `cmswing_area` VALUES ('152922', '阿拉善右旗', '152900', '2');
INSERT INTO `cmswing_area` VALUES ('152923', '额济纳旗', '152900', '3');
INSERT INTO `cmswing_area` VALUES ('210101', '市辖区', '210100', '1');
INSERT INTO `cmswing_area` VALUES ('210102', '和平区', '210100', '2');
INSERT INTO `cmswing_area` VALUES ('210103', '沈河区', '210100', '3');
INSERT INTO `cmswing_area` VALUES ('210104', '大东区', '210100', '4');
INSERT INTO `cmswing_area` VALUES ('210105', '皇姑区', '210100', '5');
INSERT INTO `cmswing_area` VALUES ('210106', '铁西区', '210100', '6');
INSERT INTO `cmswing_area` VALUES ('210111', '苏家屯区', '210100', '7');
INSERT INTO `cmswing_area` VALUES ('210112', '东陵区', '210100', '8');
INSERT INTO `cmswing_area` VALUES ('210113', '新城子区', '210100', '9');
INSERT INTO `cmswing_area` VALUES ('210114', '于洪区', '210100', '10');
INSERT INTO `cmswing_area` VALUES ('210122', '辽中县', '210100', '11');
INSERT INTO `cmswing_area` VALUES ('210123', '康平县', '210100', '12');
INSERT INTO `cmswing_area` VALUES ('210124', '法库县', '210100', '13');
INSERT INTO `cmswing_area` VALUES ('210181', '新民市', '210100', '14');
INSERT INTO `cmswing_area` VALUES ('210201', '市辖区', '210200', '1');
INSERT INTO `cmswing_area` VALUES ('210202', '中山区', '210200', '2');
INSERT INTO `cmswing_area` VALUES ('210203', '西岗区', '210200', '3');
INSERT INTO `cmswing_area` VALUES ('210204', '沙河口区', '210200', '4');
INSERT INTO `cmswing_area` VALUES ('210211', '甘井子区', '210200', '5');
INSERT INTO `cmswing_area` VALUES ('210212', '旅顺口区', '210200', '6');
INSERT INTO `cmswing_area` VALUES ('210213', '金州区', '210200', '7');
INSERT INTO `cmswing_area` VALUES ('210224', '长海县', '210200', '8');
INSERT INTO `cmswing_area` VALUES ('210281', '瓦房店市', '210200', '9');
INSERT INTO `cmswing_area` VALUES ('210282', '普兰店市', '210200', '10');
INSERT INTO `cmswing_area` VALUES ('210283', '庄河市', '210200', '11');
INSERT INTO `cmswing_area` VALUES ('210301', '市辖区', '210300', '1');
INSERT INTO `cmswing_area` VALUES ('210302', '铁东区', '210300', '2');
INSERT INTO `cmswing_area` VALUES ('210303', '铁西区', '210300', '3');
INSERT INTO `cmswing_area` VALUES ('210304', '立山区', '210300', '4');
INSERT INTO `cmswing_area` VALUES ('210311', '千山区', '210300', '5');
INSERT INTO `cmswing_area` VALUES ('210321', '台安县', '210300', '6');
INSERT INTO `cmswing_area` VALUES ('210323', '岫岩满族自治县', '210300', '7');
INSERT INTO `cmswing_area` VALUES ('210381', '海城市', '210300', '8');
INSERT INTO `cmswing_area` VALUES ('210401', '市辖区', '210400', '1');
INSERT INTO `cmswing_area` VALUES ('210402', '新抚区', '210400', '2');
INSERT INTO `cmswing_area` VALUES ('210403', '东洲区', '210400', '3');
INSERT INTO `cmswing_area` VALUES ('210404', '望花区', '210400', '4');
INSERT INTO `cmswing_area` VALUES ('210411', '顺城区', '210400', '5');
INSERT INTO `cmswing_area` VALUES ('210421', '抚顺县', '210400', '6');
INSERT INTO `cmswing_area` VALUES ('210422', '新宾满族自治县', '210400', '7');
INSERT INTO `cmswing_area` VALUES ('210423', '清原满族自治县', '210400', '8');
INSERT INTO `cmswing_area` VALUES ('210501', '市辖区', '210500', '1');
INSERT INTO `cmswing_area` VALUES ('210502', '平山区', '210500', '2');
INSERT INTO `cmswing_area` VALUES ('210503', '溪湖区', '210500', '3');
INSERT INTO `cmswing_area` VALUES ('210504', '明山区', '210500', '4');
INSERT INTO `cmswing_area` VALUES ('210505', '南芬区', '210500', '5');
INSERT INTO `cmswing_area` VALUES ('210521', '本溪满族自治县', '210500', '6');
INSERT INTO `cmswing_area` VALUES ('210522', '桓仁满族自治县', '210500', '7');
INSERT INTO `cmswing_area` VALUES ('210601', '市辖区', '210600', '1');
INSERT INTO `cmswing_area` VALUES ('210602', '元宝区', '210600', '2');
INSERT INTO `cmswing_area` VALUES ('210603', '振兴区', '210600', '3');
INSERT INTO `cmswing_area` VALUES ('210604', '振安区', '210600', '4');
INSERT INTO `cmswing_area` VALUES ('210624', '宽甸满族自治县', '210600', '5');
INSERT INTO `cmswing_area` VALUES ('210681', '东港市', '210600', '6');
INSERT INTO `cmswing_area` VALUES ('210682', '凤城市', '210600', '7');
INSERT INTO `cmswing_area` VALUES ('210701', '市辖区', '210700', '1');
INSERT INTO `cmswing_area` VALUES ('210702', '古塔区', '210700', '2');
INSERT INTO `cmswing_area` VALUES ('210703', '凌河区', '210700', '3');
INSERT INTO `cmswing_area` VALUES ('210711', '太和区', '210700', '4');
INSERT INTO `cmswing_area` VALUES ('210726', '黑山县', '210700', '5');
INSERT INTO `cmswing_area` VALUES ('210727', '义　县', '210700', '6');
INSERT INTO `cmswing_area` VALUES ('210781', '凌海市', '210700', '7');
INSERT INTO `cmswing_area` VALUES ('210782', '北宁市', '210700', '8');
INSERT INTO `cmswing_area` VALUES ('210801', '市辖区', '210800', '1');
INSERT INTO `cmswing_area` VALUES ('210802', '站前区', '210800', '2');
INSERT INTO `cmswing_area` VALUES ('210803', '西市区', '210800', '3');
INSERT INTO `cmswing_area` VALUES ('210804', '鲅鱼圈区', '210800', '4');
INSERT INTO `cmswing_area` VALUES ('210811', '老边区', '210800', '5');
INSERT INTO `cmswing_area` VALUES ('210881', '盖州市', '210800', '6');
INSERT INTO `cmswing_area` VALUES ('210882', '大石桥市', '210800', '7');
INSERT INTO `cmswing_area` VALUES ('210901', '市辖区', '210900', '1');
INSERT INTO `cmswing_area` VALUES ('210902', '海州区', '210900', '2');
INSERT INTO `cmswing_area` VALUES ('210903', '新邱区', '210900', '3');
INSERT INTO `cmswing_area` VALUES ('210904', '太平区', '210900', '4');
INSERT INTO `cmswing_area` VALUES ('210905', '清河门区', '210900', '5');
INSERT INTO `cmswing_area` VALUES ('210911', '细河区', '210900', '6');
INSERT INTO `cmswing_area` VALUES ('210921', '阜新蒙古族自治县', '210900', '7');
INSERT INTO `cmswing_area` VALUES ('210922', '彰武县', '210900', '8');
INSERT INTO `cmswing_area` VALUES ('211001', '市辖区', '211000', '1');
INSERT INTO `cmswing_area` VALUES ('211002', '白塔区', '211000', '2');
INSERT INTO `cmswing_area` VALUES ('211003', '文圣区', '211000', '3');
INSERT INTO `cmswing_area` VALUES ('211004', '宏伟区', '211000', '4');
INSERT INTO `cmswing_area` VALUES ('211005', '弓长岭区', '211000', '5');
INSERT INTO `cmswing_area` VALUES ('211011', '太子河区', '211000', '6');
INSERT INTO `cmswing_area` VALUES ('211021', '辽阳县', '211000', '7');
INSERT INTO `cmswing_area` VALUES ('211081', '灯塔市', '211000', '8');
INSERT INTO `cmswing_area` VALUES ('211101', '市辖区', '211100', '1');
INSERT INTO `cmswing_area` VALUES ('211102', '双台子区', '211100', '2');
INSERT INTO `cmswing_area` VALUES ('211103', '兴隆台区', '211100', '3');
INSERT INTO `cmswing_area` VALUES ('211121', '大洼县', '211100', '4');
INSERT INTO `cmswing_area` VALUES ('211122', '盘山县', '211100', '5');
INSERT INTO `cmswing_area` VALUES ('211201', '市辖区', '211200', '1');
INSERT INTO `cmswing_area` VALUES ('211202', '银州区', '211200', '2');
INSERT INTO `cmswing_area` VALUES ('211204', '清河区', '211200', '3');
INSERT INTO `cmswing_area` VALUES ('211221', '铁岭县', '211200', '4');
INSERT INTO `cmswing_area` VALUES ('211223', '西丰县', '211200', '5');
INSERT INTO `cmswing_area` VALUES ('211224', '昌图县', '211200', '6');
INSERT INTO `cmswing_area` VALUES ('211281', '调兵山市', '211200', '7');
INSERT INTO `cmswing_area` VALUES ('211282', '开原市', '211200', '8');
INSERT INTO `cmswing_area` VALUES ('211301', '市辖区', '211300', '1');
INSERT INTO `cmswing_area` VALUES ('211302', '双塔区', '211300', '2');
INSERT INTO `cmswing_area` VALUES ('211303', '龙城区', '211300', '3');
INSERT INTO `cmswing_area` VALUES ('211321', '朝阳县', '211300', '4');
INSERT INTO `cmswing_area` VALUES ('211322', '建平县', '211300', '5');
INSERT INTO `cmswing_area` VALUES ('211324', '喀喇沁左翼蒙古族自治县', '211300', '6');
INSERT INTO `cmswing_area` VALUES ('211381', '北票市', '211300', '7');
INSERT INTO `cmswing_area` VALUES ('211382', '凌源市', '211300', '8');
INSERT INTO `cmswing_area` VALUES ('211401', '市辖区', '211400', '1');
INSERT INTO `cmswing_area` VALUES ('211402', '连山区', '211400', '2');
INSERT INTO `cmswing_area` VALUES ('211403', '龙港区', '211400', '3');
INSERT INTO `cmswing_area` VALUES ('211404', '南票区', '211400', '4');
INSERT INTO `cmswing_area` VALUES ('211421', '绥中县', '211400', '5');
INSERT INTO `cmswing_area` VALUES ('211422', '建昌县', '211400', '6');
INSERT INTO `cmswing_area` VALUES ('211481', '兴城市', '211400', '7');
INSERT INTO `cmswing_area` VALUES ('220101', '市辖区', '220100', '1');
INSERT INTO `cmswing_area` VALUES ('220102', '南关区', '220100', '2');
INSERT INTO `cmswing_area` VALUES ('220103', '宽城区', '220100', '3');
INSERT INTO `cmswing_area` VALUES ('220104', '朝阳区', '220100', '4');
INSERT INTO `cmswing_area` VALUES ('220105', '二道区', '220100', '5');
INSERT INTO `cmswing_area` VALUES ('220106', '绿园区', '220100', '6');
INSERT INTO `cmswing_area` VALUES ('220112', '双阳区', '220100', '7');
INSERT INTO `cmswing_area` VALUES ('220122', '农安县', '220100', '8');
INSERT INTO `cmswing_area` VALUES ('220181', '九台市', '220100', '9');
INSERT INTO `cmswing_area` VALUES ('220182', '榆树市', '220100', '10');
INSERT INTO `cmswing_area` VALUES ('220183', '德惠市', '220100', '11');
INSERT INTO `cmswing_area` VALUES ('220201', '市辖区', '220200', '1');
INSERT INTO `cmswing_area` VALUES ('220202', '昌邑区', '220200', '2');
INSERT INTO `cmswing_area` VALUES ('220203', '龙潭区', '220200', '3');
INSERT INTO `cmswing_area` VALUES ('220204', '船营区', '220200', '4');
INSERT INTO `cmswing_area` VALUES ('220211', '丰满区', '220200', '5');
INSERT INTO `cmswing_area` VALUES ('220221', '永吉县', '220200', '6');
INSERT INTO `cmswing_area` VALUES ('220281', '蛟河市', '220200', '7');
INSERT INTO `cmswing_area` VALUES ('220282', '桦甸市', '220200', '8');
INSERT INTO `cmswing_area` VALUES ('220283', '舒兰市', '220200', '9');
INSERT INTO `cmswing_area` VALUES ('220284', '磐石市', '220200', '10');
INSERT INTO `cmswing_area` VALUES ('220301', '市辖区', '220300', '1');
INSERT INTO `cmswing_area` VALUES ('220302', '铁西区', '220300', '2');
INSERT INTO `cmswing_area` VALUES ('220303', '铁东区', '220300', '3');
INSERT INTO `cmswing_area` VALUES ('220322', '梨树县', '220300', '4');
INSERT INTO `cmswing_area` VALUES ('220323', '伊通满族自治县', '220300', '5');
INSERT INTO `cmswing_area` VALUES ('220381', '公主岭市', '220300', '6');
INSERT INTO `cmswing_area` VALUES ('220382', '双辽市', '220300', '7');
INSERT INTO `cmswing_area` VALUES ('220401', '市辖区', '220400', '1');
INSERT INTO `cmswing_area` VALUES ('220402', '龙山区', '220400', '2');
INSERT INTO `cmswing_area` VALUES ('220403', '西安区', '220400', '3');
INSERT INTO `cmswing_area` VALUES ('220421', '东丰县', '220400', '4');
INSERT INTO `cmswing_area` VALUES ('220422', '东辽县', '220400', '5');
INSERT INTO `cmswing_area` VALUES ('220501', '市辖区', '220500', '1');
INSERT INTO `cmswing_area` VALUES ('220502', '东昌区', '220500', '2');
INSERT INTO `cmswing_area` VALUES ('220503', '二道江区', '220500', '3');
INSERT INTO `cmswing_area` VALUES ('220521', '通化县', '220500', '4');
INSERT INTO `cmswing_area` VALUES ('220523', '辉南县', '220500', '5');
INSERT INTO `cmswing_area` VALUES ('220524', '柳河县', '220500', '6');
INSERT INTO `cmswing_area` VALUES ('220581', '梅河口市', '220500', '7');
INSERT INTO `cmswing_area` VALUES ('220582', '集安市', '220500', '8');
INSERT INTO `cmswing_area` VALUES ('220601', '市辖区', '220600', '1');
INSERT INTO `cmswing_area` VALUES ('220602', '八道江区', '220600', '2');
INSERT INTO `cmswing_area` VALUES ('220621', '抚松县', '220600', '3');
INSERT INTO `cmswing_area` VALUES ('220622', '靖宇县', '220600', '4');
INSERT INTO `cmswing_area` VALUES ('220623', '长白朝鲜族自治县', '220600', '5');
INSERT INTO `cmswing_area` VALUES ('220625', '江源县', '220600', '6');
INSERT INTO `cmswing_area` VALUES ('220681', '临江市', '220600', '7');
INSERT INTO `cmswing_area` VALUES ('220701', '市辖区', '220700', '1');
INSERT INTO `cmswing_area` VALUES ('220702', '宁江区', '220700', '2');
INSERT INTO `cmswing_area` VALUES ('220721', '前郭尔罗斯蒙古族自治县', '220700', '3');
INSERT INTO `cmswing_area` VALUES ('220722', '长岭县', '220700', '4');
INSERT INTO `cmswing_area` VALUES ('220723', '乾安县', '220700', '5');
INSERT INTO `cmswing_area` VALUES ('220724', '扶余县', '220700', '6');
INSERT INTO `cmswing_area` VALUES ('220801', '市辖区', '220800', '1');
INSERT INTO `cmswing_area` VALUES ('220802', '洮北区', '220800', '2');
INSERT INTO `cmswing_area` VALUES ('220821', '镇赉县', '220800', '3');
INSERT INTO `cmswing_area` VALUES ('220822', '通榆县', '220800', '4');
INSERT INTO `cmswing_area` VALUES ('220881', '洮南市', '220800', '5');
INSERT INTO `cmswing_area` VALUES ('220882', '大安市', '220800', '6');
INSERT INTO `cmswing_area` VALUES ('222401', '延吉市', '222400', '1');
INSERT INTO `cmswing_area` VALUES ('222402', '图们市', '222400', '2');
INSERT INTO `cmswing_area` VALUES ('222403', '敦化市', '222400', '3');
INSERT INTO `cmswing_area` VALUES ('222404', '珲春市', '222400', '4');
INSERT INTO `cmswing_area` VALUES ('222405', '龙井市', '222400', '5');
INSERT INTO `cmswing_area` VALUES ('222406', '和龙市', '222400', '6');
INSERT INTO `cmswing_area` VALUES ('222424', '汪清县', '222400', '7');
INSERT INTO `cmswing_area` VALUES ('222426', '安图县', '222400', '8');
INSERT INTO `cmswing_area` VALUES ('230101', '市辖区', '230100', '1');
INSERT INTO `cmswing_area` VALUES ('230102', '道里区', '230100', '2');
INSERT INTO `cmswing_area` VALUES ('230103', '南岗区', '230100', '3');
INSERT INTO `cmswing_area` VALUES ('230104', '道外区', '230100', '4');
INSERT INTO `cmswing_area` VALUES ('230106', '香坊区', '230100', '5');
INSERT INTO `cmswing_area` VALUES ('230107', '动力区', '230100', '6');
INSERT INTO `cmswing_area` VALUES ('230108', '平房区', '230100', '7');
INSERT INTO `cmswing_area` VALUES ('230109', '松北区', '230100', '8');
INSERT INTO `cmswing_area` VALUES ('230111', '呼兰区', '230100', '9');
INSERT INTO `cmswing_area` VALUES ('230123', '依兰县', '230100', '10');
INSERT INTO `cmswing_area` VALUES ('230124', '方正县', '230100', '11');
INSERT INTO `cmswing_area` VALUES ('230125', '宾　县', '230100', '12');
INSERT INTO `cmswing_area` VALUES ('230126', '巴彦县', '230100', '13');
INSERT INTO `cmswing_area` VALUES ('230127', '木兰县', '230100', '14');
INSERT INTO `cmswing_area` VALUES ('230128', '通河县', '230100', '15');
INSERT INTO `cmswing_area` VALUES ('230129', '延寿县', '230100', '16');
INSERT INTO `cmswing_area` VALUES ('230181', '阿城市', '230100', '17');
INSERT INTO `cmswing_area` VALUES ('230182', '双城市', '230100', '18');
INSERT INTO `cmswing_area` VALUES ('230183', '尚志市', '230100', '19');
INSERT INTO `cmswing_area` VALUES ('230184', '五常市', '230100', '20');
INSERT INTO `cmswing_area` VALUES ('230201', '市辖区', '230200', '1');
INSERT INTO `cmswing_area` VALUES ('230202', '龙沙区', '230200', '2');
INSERT INTO `cmswing_area` VALUES ('230203', '建华区', '230200', '3');
INSERT INTO `cmswing_area` VALUES ('230204', '铁锋区', '230200', '4');
INSERT INTO `cmswing_area` VALUES ('230205', '昂昂溪区', '230200', '5');
INSERT INTO `cmswing_area` VALUES ('230206', '富拉尔基区', '230200', '6');
INSERT INTO `cmswing_area` VALUES ('230207', '碾子山区', '230200', '7');
INSERT INTO `cmswing_area` VALUES ('230208', '梅里斯达斡尔族区', '230200', '8');
INSERT INTO `cmswing_area` VALUES ('230221', '龙江县', '230200', '9');
INSERT INTO `cmswing_area` VALUES ('230223', '依安县', '230200', '10');
INSERT INTO `cmswing_area` VALUES ('230224', '泰来县', '230200', '11');
INSERT INTO `cmswing_area` VALUES ('230225', '甘南县', '230200', '12');
INSERT INTO `cmswing_area` VALUES ('230227', '富裕县', '230200', '13');
INSERT INTO `cmswing_area` VALUES ('230229', '克山县', '230200', '14');
INSERT INTO `cmswing_area` VALUES ('230230', '克东县', '230200', '15');
INSERT INTO `cmswing_area` VALUES ('230231', '拜泉县', '230200', '16');
INSERT INTO `cmswing_area` VALUES ('230281', '讷河市', '230200', '17');
INSERT INTO `cmswing_area` VALUES ('230301', '市辖区', '230300', '1');
INSERT INTO `cmswing_area` VALUES ('230302', '鸡冠区', '230300', '2');
INSERT INTO `cmswing_area` VALUES ('230303', '恒山区', '230300', '3');
INSERT INTO `cmswing_area` VALUES ('230304', '滴道区', '230300', '4');
INSERT INTO `cmswing_area` VALUES ('230305', '梨树区', '230300', '5');
INSERT INTO `cmswing_area` VALUES ('230306', '城子河区', '230300', '6');
INSERT INTO `cmswing_area` VALUES ('230307', '麻山区', '230300', '7');
INSERT INTO `cmswing_area` VALUES ('230321', '鸡东县', '230300', '8');
INSERT INTO `cmswing_area` VALUES ('230381', '虎林市', '230300', '9');
INSERT INTO `cmswing_area` VALUES ('230382', '密山市', '230300', '10');
INSERT INTO `cmswing_area` VALUES ('230401', '市辖区', '230400', '1');
INSERT INTO `cmswing_area` VALUES ('230402', '向阳区', '230400', '2');
INSERT INTO `cmswing_area` VALUES ('230403', '工农区', '230400', '3');
INSERT INTO `cmswing_area` VALUES ('230404', '南山区', '230400', '4');
INSERT INTO `cmswing_area` VALUES ('230405', '兴安区', '230400', '5');
INSERT INTO `cmswing_area` VALUES ('230406', '东山区', '230400', '6');
INSERT INTO `cmswing_area` VALUES ('230407', '兴山区', '230400', '7');
INSERT INTO `cmswing_area` VALUES ('230421', '萝北县', '230400', '8');
INSERT INTO `cmswing_area` VALUES ('230422', '绥滨县', '230400', '9');
INSERT INTO `cmswing_area` VALUES ('230501', '市辖区', '230500', '1');
INSERT INTO `cmswing_area` VALUES ('230502', '尖山区', '230500', '2');
INSERT INTO `cmswing_area` VALUES ('230503', '岭东区', '230500', '3');
INSERT INTO `cmswing_area` VALUES ('230505', '四方台区', '230500', '4');
INSERT INTO `cmswing_area` VALUES ('230506', '宝山区', '230500', '5');
INSERT INTO `cmswing_area` VALUES ('230521', '集贤县', '230500', '6');
INSERT INTO `cmswing_area` VALUES ('230522', '友谊县', '230500', '7');
INSERT INTO `cmswing_area` VALUES ('230523', '宝清县', '230500', '8');
INSERT INTO `cmswing_area` VALUES ('230524', '饶河县', '230500', '9');
INSERT INTO `cmswing_area` VALUES ('230601', '市辖区', '230600', '1');
INSERT INTO `cmswing_area` VALUES ('230602', '萨尔图区', '230600', '2');
INSERT INTO `cmswing_area` VALUES ('230603', '龙凤区', '230600', '3');
INSERT INTO `cmswing_area` VALUES ('230604', '让胡路区', '230600', '4');
INSERT INTO `cmswing_area` VALUES ('230605', '红岗区', '230600', '5');
INSERT INTO `cmswing_area` VALUES ('230606', '大同区', '230600', '6');
INSERT INTO `cmswing_area` VALUES ('230621', '肇州县', '230600', '7');
INSERT INTO `cmswing_area` VALUES ('230622', '肇源县', '230600', '8');
INSERT INTO `cmswing_area` VALUES ('230623', '林甸县', '230600', '9');
INSERT INTO `cmswing_area` VALUES ('230624', '杜尔伯特蒙古族自治县', '230600', '10');
INSERT INTO `cmswing_area` VALUES ('230701', '市辖区', '230700', '1');
INSERT INTO `cmswing_area` VALUES ('230702', '伊春区', '230700', '2');
INSERT INTO `cmswing_area` VALUES ('230703', '南岔区', '230700', '3');
INSERT INTO `cmswing_area` VALUES ('230704', '友好区', '230700', '4');
INSERT INTO `cmswing_area` VALUES ('230705', '西林区', '230700', '5');
INSERT INTO `cmswing_area` VALUES ('230706', '翠峦区', '230700', '6');
INSERT INTO `cmswing_area` VALUES ('230707', '新青区', '230700', '7');
INSERT INTO `cmswing_area` VALUES ('230708', '美溪区', '230700', '8');
INSERT INTO `cmswing_area` VALUES ('230709', '金山屯区', '230700', '9');
INSERT INTO `cmswing_area` VALUES ('230710', '五营区', '230700', '10');
INSERT INTO `cmswing_area` VALUES ('230711', '乌马河区', '230700', '11');
INSERT INTO `cmswing_area` VALUES ('230712', '汤旺河区', '230700', '12');
INSERT INTO `cmswing_area` VALUES ('230713', '带岭区', '230700', '13');
INSERT INTO `cmswing_area` VALUES ('230714', '乌伊岭区', '230700', '14');
INSERT INTO `cmswing_area` VALUES ('230715', '红星区', '230700', '15');
INSERT INTO `cmswing_area` VALUES ('230716', '上甘岭区', '230700', '16');
INSERT INTO `cmswing_area` VALUES ('230722', '嘉荫县', '230700', '17');
INSERT INTO `cmswing_area` VALUES ('230781', '铁力市', '230700', '18');
INSERT INTO `cmswing_area` VALUES ('230801', '市辖区', '230800', '1');
INSERT INTO `cmswing_area` VALUES ('230802', '永红区', '230800', '2');
INSERT INTO `cmswing_area` VALUES ('230803', '向阳区', '230800', '3');
INSERT INTO `cmswing_area` VALUES ('230804', '前进区', '230800', '4');
INSERT INTO `cmswing_area` VALUES ('230805', '东风区', '230800', '5');
INSERT INTO `cmswing_area` VALUES ('230811', '郊　区', '230800', '6');
INSERT INTO `cmswing_area` VALUES ('230822', '桦南县', '230800', '7');
INSERT INTO `cmswing_area` VALUES ('230826', '桦川县', '230800', '8');
INSERT INTO `cmswing_area` VALUES ('230828', '汤原县', '230800', '9');
INSERT INTO `cmswing_area` VALUES ('230833', '抚远县', '230800', '10');
INSERT INTO `cmswing_area` VALUES ('230881', '同江市', '230800', '11');
INSERT INTO `cmswing_area` VALUES ('230882', '富锦市', '230800', '12');
INSERT INTO `cmswing_area` VALUES ('230901', '市辖区', '230900', '1');
INSERT INTO `cmswing_area` VALUES ('230902', '新兴区', '230900', '2');
INSERT INTO `cmswing_area` VALUES ('230903', '桃山区', '230900', '3');
INSERT INTO `cmswing_area` VALUES ('230904', '茄子河区', '230900', '4');
INSERT INTO `cmswing_area` VALUES ('230921', '勃利县', '230900', '5');
INSERT INTO `cmswing_area` VALUES ('231001', '市辖区', '231000', '1');
INSERT INTO `cmswing_area` VALUES ('231002', '东安区', '231000', '2');
INSERT INTO `cmswing_area` VALUES ('231003', '阳明区', '231000', '3');
INSERT INTO `cmswing_area` VALUES ('231004', '爱民区', '231000', '4');
INSERT INTO `cmswing_area` VALUES ('231005', '西安区', '231000', '5');
INSERT INTO `cmswing_area` VALUES ('231024', '东宁县', '231000', '6');
INSERT INTO `cmswing_area` VALUES ('231025', '林口县', '231000', '7');
INSERT INTO `cmswing_area` VALUES ('231081', '绥芬河市', '231000', '8');
INSERT INTO `cmswing_area` VALUES ('231083', '海林市', '231000', '9');
INSERT INTO `cmswing_area` VALUES ('231084', '宁安市', '231000', '10');
INSERT INTO `cmswing_area` VALUES ('231085', '穆棱市', '231000', '11');
INSERT INTO `cmswing_area` VALUES ('231101', '市辖区', '231100', '1');
INSERT INTO `cmswing_area` VALUES ('231102', '爱辉区', '231100', '2');
INSERT INTO `cmswing_area` VALUES ('231121', '嫩江县', '231100', '3');
INSERT INTO `cmswing_area` VALUES ('231123', '逊克县', '231100', '4');
INSERT INTO `cmswing_area` VALUES ('231124', '孙吴县', '231100', '5');
INSERT INTO `cmswing_area` VALUES ('231181', '北安市', '231100', '6');
INSERT INTO `cmswing_area` VALUES ('231182', '五大连池市', '231100', '7');
INSERT INTO `cmswing_area` VALUES ('231201', '市辖区', '231200', '1');
INSERT INTO `cmswing_area` VALUES ('231202', '北林区', '231200', '2');
INSERT INTO `cmswing_area` VALUES ('231221', '望奎县', '231200', '3');
INSERT INTO `cmswing_area` VALUES ('231222', '兰西县', '231200', '4');
INSERT INTO `cmswing_area` VALUES ('231223', '青冈县', '231200', '5');
INSERT INTO `cmswing_area` VALUES ('231224', '庆安县', '231200', '6');
INSERT INTO `cmswing_area` VALUES ('231225', '明水县', '231200', '7');
INSERT INTO `cmswing_area` VALUES ('231226', '绥棱县', '231200', '8');
INSERT INTO `cmswing_area` VALUES ('231281', '安达市', '231200', '9');
INSERT INTO `cmswing_area` VALUES ('231282', '肇东市', '231200', '10');
INSERT INTO `cmswing_area` VALUES ('231283', '海伦市', '231200', '11');
INSERT INTO `cmswing_area` VALUES ('232721', '呼玛县', '232700', '1');
INSERT INTO `cmswing_area` VALUES ('232722', '塔河县', '232700', '2');
INSERT INTO `cmswing_area` VALUES ('232723', '漠河县', '232700', '3');
INSERT INTO `cmswing_area` VALUES ('310101', '黄浦区', '310100', '1');
INSERT INTO `cmswing_area` VALUES ('310103', '卢湾区', '310100', '2');
INSERT INTO `cmswing_area` VALUES ('310104', '徐汇区', '310100', '3');
INSERT INTO `cmswing_area` VALUES ('310105', '长宁区', '310100', '4');
INSERT INTO `cmswing_area` VALUES ('310106', '静安区', '310100', '5');
INSERT INTO `cmswing_area` VALUES ('310107', '普陀区', '310100', '6');
INSERT INTO `cmswing_area` VALUES ('310108', '闸北区', '310100', '7');
INSERT INTO `cmswing_area` VALUES ('310109', '虹口区', '310100', '8');
INSERT INTO `cmswing_area` VALUES ('310110', '杨浦区', '310100', '9');
INSERT INTO `cmswing_area` VALUES ('310112', '闵行区', '310100', '10');
INSERT INTO `cmswing_area` VALUES ('310113', '宝山区', '310100', '11');
INSERT INTO `cmswing_area` VALUES ('310114', '嘉定区', '310100', '12');
INSERT INTO `cmswing_area` VALUES ('310115', '浦东新区', '310100', '13');
INSERT INTO `cmswing_area` VALUES ('310116', '金山区', '310100', '14');
INSERT INTO `cmswing_area` VALUES ('310117', '松江区', '310100', '15');
INSERT INTO `cmswing_area` VALUES ('310118', '青浦区', '310100', '16');
INSERT INTO `cmswing_area` VALUES ('310119', '南汇区', '310100', '17');
INSERT INTO `cmswing_area` VALUES ('310120', '奉贤区', '310100', '18');
INSERT INTO `cmswing_area` VALUES ('310230', '崇明县', '310200', '1');
INSERT INTO `cmswing_area` VALUES ('320101', '市辖区', '320100', '1');
INSERT INTO `cmswing_area` VALUES ('320102', '玄武区', '320100', '2');
INSERT INTO `cmswing_area` VALUES ('320103', '白下区', '320100', '3');
INSERT INTO `cmswing_area` VALUES ('320104', '秦淮区', '320100', '4');
INSERT INTO `cmswing_area` VALUES ('320105', '建邺区', '320100', '5');
INSERT INTO `cmswing_area` VALUES ('320106', '鼓楼区', '320100', '6');
INSERT INTO `cmswing_area` VALUES ('320107', '下关区', '320100', '7');
INSERT INTO `cmswing_area` VALUES ('320111', '浦口区', '320100', '8');
INSERT INTO `cmswing_area` VALUES ('320113', '栖霞区', '320100', '9');
INSERT INTO `cmswing_area` VALUES ('320114', '雨花台区', '320100', '10');
INSERT INTO `cmswing_area` VALUES ('320115', '江宁区', '320100', '11');
INSERT INTO `cmswing_area` VALUES ('320116', '六合区', '320100', '12');
INSERT INTO `cmswing_area` VALUES ('320124', '溧水县', '320100', '13');
INSERT INTO `cmswing_area` VALUES ('320125', '高淳县', '320100', '14');
INSERT INTO `cmswing_area` VALUES ('320201', '市辖区', '320200', '1');
INSERT INTO `cmswing_area` VALUES ('320202', '崇安区', '320200', '2');
INSERT INTO `cmswing_area` VALUES ('320203', '南长区', '320200', '3');
INSERT INTO `cmswing_area` VALUES ('320204', '北塘区', '320200', '4');
INSERT INTO `cmswing_area` VALUES ('320205', '锡山区', '320200', '5');
INSERT INTO `cmswing_area` VALUES ('320206', '惠山区', '320200', '6');
INSERT INTO `cmswing_area` VALUES ('320211', '滨湖区', '320200', '7');
INSERT INTO `cmswing_area` VALUES ('320281', '江阴市', '320200', '8');
INSERT INTO `cmswing_area` VALUES ('320282', '宜兴市', '320200', '9');
INSERT INTO `cmswing_area` VALUES ('320301', '市辖区', '320300', '1');
INSERT INTO `cmswing_area` VALUES ('320302', '鼓楼区', '320300', '2');
INSERT INTO `cmswing_area` VALUES ('320303', '云龙区', '320300', '3');
INSERT INTO `cmswing_area` VALUES ('320304', '九里区', '320300', '4');
INSERT INTO `cmswing_area` VALUES ('320305', '贾汪区', '320300', '5');
INSERT INTO `cmswing_area` VALUES ('320311', '泉山区', '320300', '6');
INSERT INTO `cmswing_area` VALUES ('320321', '丰　县', '320300', '7');
INSERT INTO `cmswing_area` VALUES ('320322', '沛　县', '320300', '8');
INSERT INTO `cmswing_area` VALUES ('320323', '铜山县', '320300', '9');
INSERT INTO `cmswing_area` VALUES ('320324', '睢宁县', '320300', '10');
INSERT INTO `cmswing_area` VALUES ('320381', '新沂市', '320300', '11');
INSERT INTO `cmswing_area` VALUES ('320382', '邳州市', '320300', '12');
INSERT INTO `cmswing_area` VALUES ('320401', '市辖区', '320400', '1');
INSERT INTO `cmswing_area` VALUES ('320402', '天宁区', '320400', '2');
INSERT INTO `cmswing_area` VALUES ('320404', '钟楼区', '320400', '3');
INSERT INTO `cmswing_area` VALUES ('320405', '戚墅堰区', '320400', '4');
INSERT INTO `cmswing_area` VALUES ('320411', '新北区', '320400', '5');
INSERT INTO `cmswing_area` VALUES ('320412', '武进区', '320400', '6');
INSERT INTO `cmswing_area` VALUES ('320481', '溧阳市', '320400', '7');
INSERT INTO `cmswing_area` VALUES ('320482', '金坛市', '320400', '8');
INSERT INTO `cmswing_area` VALUES ('320501', '市辖区', '320500', '1');
INSERT INTO `cmswing_area` VALUES ('320502', '沧浪区', '320500', '2');
INSERT INTO `cmswing_area` VALUES ('320503', '平江区', '320500', '3');
INSERT INTO `cmswing_area` VALUES ('320504', '金阊区', '320500', '4');
INSERT INTO `cmswing_area` VALUES ('320505', '虎丘区', '320500', '5');
INSERT INTO `cmswing_area` VALUES ('320506', '吴中区', '320500', '6');
INSERT INTO `cmswing_area` VALUES ('320507', '相城区', '320500', '7');
INSERT INTO `cmswing_area` VALUES ('320581', '常熟市', '320500', '8');
INSERT INTO `cmswing_area` VALUES ('320582', '张家港市', '320500', '9');
INSERT INTO `cmswing_area` VALUES ('320583', '昆山市', '320500', '10');
INSERT INTO `cmswing_area` VALUES ('320584', '吴江市', '320500', '11');
INSERT INTO `cmswing_area` VALUES ('320585', '太仓市', '320500', '12');
INSERT INTO `cmswing_area` VALUES ('320601', '市辖区', '320600', '1');
INSERT INTO `cmswing_area` VALUES ('320602', '崇川区', '320600', '2');
INSERT INTO `cmswing_area` VALUES ('320611', '港闸区', '320600', '3');
INSERT INTO `cmswing_area` VALUES ('320621', '海安县', '320600', '4');
INSERT INTO `cmswing_area` VALUES ('320623', '如东县', '320600', '5');
INSERT INTO `cmswing_area` VALUES ('320681', '启东市', '320600', '6');
INSERT INTO `cmswing_area` VALUES ('320682', '如皋市', '320600', '7');
INSERT INTO `cmswing_area` VALUES ('320683', '通州市', '320600', '8');
INSERT INTO `cmswing_area` VALUES ('320684', '海门市', '320600', '9');
INSERT INTO `cmswing_area` VALUES ('320701', '市辖区', '320700', '1');
INSERT INTO `cmswing_area` VALUES ('320703', '连云区', '320700', '2');
INSERT INTO `cmswing_area` VALUES ('320705', '新浦区', '320700', '3');
INSERT INTO `cmswing_area` VALUES ('320706', '海州区', '320700', '4');
INSERT INTO `cmswing_area` VALUES ('320721', '赣榆县', '320700', '5');
INSERT INTO `cmswing_area` VALUES ('320722', '东海县', '320700', '6');
INSERT INTO `cmswing_area` VALUES ('320723', '灌云县', '320700', '7');
INSERT INTO `cmswing_area` VALUES ('320724', '灌南县', '320700', '8');
INSERT INTO `cmswing_area` VALUES ('320801', '市辖区', '320800', '1');
INSERT INTO `cmswing_area` VALUES ('320802', '清河区', '320800', '2');
INSERT INTO `cmswing_area` VALUES ('320803', '楚州区', '320800', '3');
INSERT INTO `cmswing_area` VALUES ('320804', '淮阴区', '320800', '4');
INSERT INTO `cmswing_area` VALUES ('320811', '清浦区', '320800', '5');
INSERT INTO `cmswing_area` VALUES ('320826', '涟水县', '320800', '6');
INSERT INTO `cmswing_area` VALUES ('320829', '洪泽县', '320800', '7');
INSERT INTO `cmswing_area` VALUES ('320830', '盱眙县', '320800', '8');
INSERT INTO `cmswing_area` VALUES ('320831', '金湖县', '320800', '9');
INSERT INTO `cmswing_area` VALUES ('320901', '市辖区', '320900', '1');
INSERT INTO `cmswing_area` VALUES ('320902', '亭湖区', '320900', '2');
INSERT INTO `cmswing_area` VALUES ('320903', '盐都区', '320900', '3');
INSERT INTO `cmswing_area` VALUES ('320921', '响水县', '320900', '4');
INSERT INTO `cmswing_area` VALUES ('320922', '滨海县', '320900', '5');
INSERT INTO `cmswing_area` VALUES ('320923', '阜宁县', '320900', '6');
INSERT INTO `cmswing_area` VALUES ('320924', '射阳县', '320900', '7');
INSERT INTO `cmswing_area` VALUES ('320925', '建湖县', '320900', '8');
INSERT INTO `cmswing_area` VALUES ('320981', '东台市', '320900', '9');
INSERT INTO `cmswing_area` VALUES ('320982', '大丰市', '320900', '10');
INSERT INTO `cmswing_area` VALUES ('321001', '市辖区', '321000', '1');
INSERT INTO `cmswing_area` VALUES ('321002', '广陵区', '321000', '2');
INSERT INTO `cmswing_area` VALUES ('321003', '邗江区', '321000', '3');
INSERT INTO `cmswing_area` VALUES ('321011', '郊　区', '321000', '4');
INSERT INTO `cmswing_area` VALUES ('321023', '宝应县', '321000', '5');
INSERT INTO `cmswing_area` VALUES ('321081', '仪征市', '321000', '6');
INSERT INTO `cmswing_area` VALUES ('321084', '高邮市', '321000', '7');
INSERT INTO `cmswing_area` VALUES ('321088', '江都市', '321000', '8');
INSERT INTO `cmswing_area` VALUES ('321101', '市辖区', '321100', '1');
INSERT INTO `cmswing_area` VALUES ('321102', '京口区', '321100', '2');
INSERT INTO `cmswing_area` VALUES ('321111', '润州区', '321100', '3');
INSERT INTO `cmswing_area` VALUES ('321112', '丹徒区', '321100', '4');
INSERT INTO `cmswing_area` VALUES ('321181', '丹阳市', '321100', '5');
INSERT INTO `cmswing_area` VALUES ('321182', '扬中市', '321100', '6');
INSERT INTO `cmswing_area` VALUES ('321183', '句容市', '321100', '7');
INSERT INTO `cmswing_area` VALUES ('321201', '市辖区', '321200', '1');
INSERT INTO `cmswing_area` VALUES ('321202', '海陵区', '321200', '2');
INSERT INTO `cmswing_area` VALUES ('321203', '高港区', '321200', '3');
INSERT INTO `cmswing_area` VALUES ('321281', '兴化市', '321200', '4');
INSERT INTO `cmswing_area` VALUES ('321282', '靖江市', '321200', '5');
INSERT INTO `cmswing_area` VALUES ('321283', '泰兴市', '321200', '6');
INSERT INTO `cmswing_area` VALUES ('321284', '姜堰市', '321200', '7');
INSERT INTO `cmswing_area` VALUES ('321301', '市辖区', '321300', '1');
INSERT INTO `cmswing_area` VALUES ('321302', '宿城区', '321300', '2');
INSERT INTO `cmswing_area` VALUES ('321311', '宿豫区', '321300', '3');
INSERT INTO `cmswing_area` VALUES ('321322', '沭阳县', '321300', '4');
INSERT INTO `cmswing_area` VALUES ('321323', '泗阳县', '321300', '5');
INSERT INTO `cmswing_area` VALUES ('321324', '泗洪县', '321300', '6');
INSERT INTO `cmswing_area` VALUES ('330101', '市辖区', '330100', '1');
INSERT INTO `cmswing_area` VALUES ('330102', '上城区', '330100', '2');
INSERT INTO `cmswing_area` VALUES ('330103', '下城区', '330100', '3');
INSERT INTO `cmswing_area` VALUES ('330104', '江干区', '330100', '4');
INSERT INTO `cmswing_area` VALUES ('330105', '拱墅区', '330100', '5');
INSERT INTO `cmswing_area` VALUES ('330106', '西湖区', '330100', '6');
INSERT INTO `cmswing_area` VALUES ('330108', '滨江区', '330100', '7');
INSERT INTO `cmswing_area` VALUES ('330109', '萧山区', '330100', '8');
INSERT INTO `cmswing_area` VALUES ('330110', '余杭区', '330100', '9');
INSERT INTO `cmswing_area` VALUES ('330122', '桐庐县', '330100', '10');
INSERT INTO `cmswing_area` VALUES ('330127', '淳安县', '330100', '11');
INSERT INTO `cmswing_area` VALUES ('330182', '建德市', '330100', '12');
INSERT INTO `cmswing_area` VALUES ('330183', '富阳市', '330100', '13');
INSERT INTO `cmswing_area` VALUES ('330185', '临安市', '330100', '14');
INSERT INTO `cmswing_area` VALUES ('330201', '市辖区', '330200', '1');
INSERT INTO `cmswing_area` VALUES ('330203', '海曙区', '330200', '2');
INSERT INTO `cmswing_area` VALUES ('330204', '江东区', '330200', '3');
INSERT INTO `cmswing_area` VALUES ('330205', '江北区', '330200', '4');
INSERT INTO `cmswing_area` VALUES ('330206', '北仑区', '330200', '5');
INSERT INTO `cmswing_area` VALUES ('330211', '镇海区', '330200', '6');
INSERT INTO `cmswing_area` VALUES ('330212', '鄞州区', '330200', '7');
INSERT INTO `cmswing_area` VALUES ('330225', '象山县', '330200', '8');
INSERT INTO `cmswing_area` VALUES ('330226', '宁海县', '330200', '9');
INSERT INTO `cmswing_area` VALUES ('330281', '余姚市', '330200', '10');
INSERT INTO `cmswing_area` VALUES ('330282', '慈溪市', '330200', '11');
INSERT INTO `cmswing_area` VALUES ('330283', '奉化市', '330200', '12');
INSERT INTO `cmswing_area` VALUES ('330301', '市辖区', '330300', '1');
INSERT INTO `cmswing_area` VALUES ('330302', '鹿城区', '330300', '2');
INSERT INTO `cmswing_area` VALUES ('330303', '龙湾区', '330300', '3');
INSERT INTO `cmswing_area` VALUES ('330304', '瓯海区', '330300', '4');
INSERT INTO `cmswing_area` VALUES ('330322', '洞头县', '330300', '5');
INSERT INTO `cmswing_area` VALUES ('330324', '永嘉县', '330300', '6');
INSERT INTO `cmswing_area` VALUES ('330326', '平阳县', '330300', '7');
INSERT INTO `cmswing_area` VALUES ('330327', '苍南县', '330300', '8');
INSERT INTO `cmswing_area` VALUES ('330328', '文成县', '330300', '9');
INSERT INTO `cmswing_area` VALUES ('330329', '泰顺县', '330300', '10');
INSERT INTO `cmswing_area` VALUES ('330381', '瑞安市', '330300', '11');
INSERT INTO `cmswing_area` VALUES ('330382', '乐清市', '330300', '12');
INSERT INTO `cmswing_area` VALUES ('330401', '市辖区', '330400', '1');
INSERT INTO `cmswing_area` VALUES ('330402', '秀城区', '330400', '2');
INSERT INTO `cmswing_area` VALUES ('330411', '秀洲区', '330400', '3');
INSERT INTO `cmswing_area` VALUES ('330421', '嘉善县', '330400', '4');
INSERT INTO `cmswing_area` VALUES ('330424', '海盐县', '330400', '5');
INSERT INTO `cmswing_area` VALUES ('330481', '海宁市', '330400', '6');
INSERT INTO `cmswing_area` VALUES ('330482', '平湖市', '330400', '7');
INSERT INTO `cmswing_area` VALUES ('330483', '桐乡市', '330400', '8');
INSERT INTO `cmswing_area` VALUES ('330501', '市辖区', '330500', '1');
INSERT INTO `cmswing_area` VALUES ('330502', '吴兴区', '330500', '2');
INSERT INTO `cmswing_area` VALUES ('330503', '南浔区', '330500', '3');
INSERT INTO `cmswing_area` VALUES ('330521', '德清县', '330500', '4');
INSERT INTO `cmswing_area` VALUES ('330522', '长兴县', '330500', '5');
INSERT INTO `cmswing_area` VALUES ('330523', '安吉县', '330500', '6');
INSERT INTO `cmswing_area` VALUES ('330601', '市辖区', '330600', '1');
INSERT INTO `cmswing_area` VALUES ('330602', '越城区', '330600', '2');
INSERT INTO `cmswing_area` VALUES ('330621', '绍兴县', '330600', '3');
INSERT INTO `cmswing_area` VALUES ('330624', '新昌县', '330600', '4');
INSERT INTO `cmswing_area` VALUES ('330681', '诸暨市', '330600', '5');
INSERT INTO `cmswing_area` VALUES ('330682', '上虞市', '330600', '6');
INSERT INTO `cmswing_area` VALUES ('330683', '嵊州市', '330600', '7');
INSERT INTO `cmswing_area` VALUES ('330701', '市辖区', '330700', '1');
INSERT INTO `cmswing_area` VALUES ('330702', '婺城区', '330700', '2');
INSERT INTO `cmswing_area` VALUES ('330703', '金东区', '330700', '3');
INSERT INTO `cmswing_area` VALUES ('330723', '武义县', '330700', '4');
INSERT INTO `cmswing_area` VALUES ('330726', '浦江县', '330700', '5');
INSERT INTO `cmswing_area` VALUES ('330727', '磐安县', '330700', '6');
INSERT INTO `cmswing_area` VALUES ('330781', '兰溪市', '330700', '7');
INSERT INTO `cmswing_area` VALUES ('330782', '义乌市', '330700', '8');
INSERT INTO `cmswing_area` VALUES ('330783', '东阳市', '330700', '9');
INSERT INTO `cmswing_area` VALUES ('330784', '永康市', '330700', '10');
INSERT INTO `cmswing_area` VALUES ('330801', '市辖区', '330800', '1');
INSERT INTO `cmswing_area` VALUES ('330802', '柯城区', '330800', '2');
INSERT INTO `cmswing_area` VALUES ('330803', '衢江区', '330800', '3');
INSERT INTO `cmswing_area` VALUES ('330822', '常山县', '330800', '4');
INSERT INTO `cmswing_area` VALUES ('330824', '开化县', '330800', '5');
INSERT INTO `cmswing_area` VALUES ('330825', '龙游县', '330800', '6');
INSERT INTO `cmswing_area` VALUES ('330881', '江山市', '330800', '7');
INSERT INTO `cmswing_area` VALUES ('330901', '市辖区', '330900', '1');
INSERT INTO `cmswing_area` VALUES ('330902', '定海区', '330900', '2');
INSERT INTO `cmswing_area` VALUES ('330903', '普陀区', '330900', '3');
INSERT INTO `cmswing_area` VALUES ('330921', '岱山县', '330900', '4');
INSERT INTO `cmswing_area` VALUES ('330922', '嵊泗县', '330900', '5');
INSERT INTO `cmswing_area` VALUES ('331001', '市辖区', '331000', '1');
INSERT INTO `cmswing_area` VALUES ('331002', '椒江区', '331000', '2');
INSERT INTO `cmswing_area` VALUES ('331003', '黄岩区', '331000', '3');
INSERT INTO `cmswing_area` VALUES ('331004', '路桥区', '331000', '4');
INSERT INTO `cmswing_area` VALUES ('331021', '玉环县', '331000', '5');
INSERT INTO `cmswing_area` VALUES ('331022', '三门县', '331000', '6');
INSERT INTO `cmswing_area` VALUES ('331023', '天台县', '331000', '7');
INSERT INTO `cmswing_area` VALUES ('331024', '仙居县', '331000', '8');
INSERT INTO `cmswing_area` VALUES ('331081', '温岭市', '331000', '9');
INSERT INTO `cmswing_area` VALUES ('331082', '临海市', '331000', '10');
INSERT INTO `cmswing_area` VALUES ('331101', '市辖区', '331100', '1');
INSERT INTO `cmswing_area` VALUES ('331102', '莲都区', '331100', '2');
INSERT INTO `cmswing_area` VALUES ('331121', '青田县', '331100', '3');
INSERT INTO `cmswing_area` VALUES ('331122', '缙云县', '331100', '4');
INSERT INTO `cmswing_area` VALUES ('331123', '遂昌县', '331100', '5');
INSERT INTO `cmswing_area` VALUES ('331124', '松阳县', '331100', '6');
INSERT INTO `cmswing_area` VALUES ('331125', '云和县', '331100', '7');
INSERT INTO `cmswing_area` VALUES ('331126', '庆元县', '331100', '8');
INSERT INTO `cmswing_area` VALUES ('331127', '景宁畲族自治县', '331100', '9');
INSERT INTO `cmswing_area` VALUES ('331181', '龙泉市', '331100', '10');
INSERT INTO `cmswing_area` VALUES ('340101', '市辖区', '340100', '1');
INSERT INTO `cmswing_area` VALUES ('340102', '瑶海区', '340100', '2');
INSERT INTO `cmswing_area` VALUES ('340103', '庐阳区', '340100', '3');
INSERT INTO `cmswing_area` VALUES ('340104', '蜀山区', '340100', '4');
INSERT INTO `cmswing_area` VALUES ('340111', '包河区', '340100', '5');
INSERT INTO `cmswing_area` VALUES ('340121', '长丰县', '340100', '6');
INSERT INTO `cmswing_area` VALUES ('340122', '肥东县', '340100', '7');
INSERT INTO `cmswing_area` VALUES ('340123', '肥西县', '340100', '8');
INSERT INTO `cmswing_area` VALUES ('340201', '市辖区', '340200', '1');
INSERT INTO `cmswing_area` VALUES ('340202', '镜湖区', '340200', '2');
INSERT INTO `cmswing_area` VALUES ('340203', '马塘区', '340200', '3');
INSERT INTO `cmswing_area` VALUES ('340204', '新芜区', '340200', '4');
INSERT INTO `cmswing_area` VALUES ('340207', '鸠江区', '340200', '5');
INSERT INTO `cmswing_area` VALUES ('340221', '芜湖县', '340200', '6');
INSERT INTO `cmswing_area` VALUES ('340222', '繁昌县', '340200', '7');
INSERT INTO `cmswing_area` VALUES ('340223', '南陵县', '340200', '8');
INSERT INTO `cmswing_area` VALUES ('340301', '市辖区', '340300', '1');
INSERT INTO `cmswing_area` VALUES ('340302', '龙子湖区', '340300', '2');
INSERT INTO `cmswing_area` VALUES ('340303', '蚌山区', '340300', '3');
INSERT INTO `cmswing_area` VALUES ('340304', '禹会区', '340300', '4');
INSERT INTO `cmswing_area` VALUES ('340311', '淮上区', '340300', '5');
INSERT INTO `cmswing_area` VALUES ('340321', '怀远县', '340300', '6');
INSERT INTO `cmswing_area` VALUES ('340322', '五河县', '340300', '7');
INSERT INTO `cmswing_area` VALUES ('340323', '固镇县', '340300', '8');
INSERT INTO `cmswing_area` VALUES ('340401', '市辖区', '340400', '1');
INSERT INTO `cmswing_area` VALUES ('340402', '大通区', '340400', '2');
INSERT INTO `cmswing_area` VALUES ('340403', '田家庵区', '340400', '3');
INSERT INTO `cmswing_area` VALUES ('340404', '谢家集区', '340400', '4');
INSERT INTO `cmswing_area` VALUES ('340405', '八公山区', '340400', '5');
INSERT INTO `cmswing_area` VALUES ('340406', '潘集区', '340400', '6');
INSERT INTO `cmswing_area` VALUES ('340421', '凤台县', '340400', '7');
INSERT INTO `cmswing_area` VALUES ('340501', '市辖区', '340500', '1');
INSERT INTO `cmswing_area` VALUES ('340502', '金家庄区', '340500', '2');
INSERT INTO `cmswing_area` VALUES ('340503', '花山区', '340500', '3');
INSERT INTO `cmswing_area` VALUES ('340504', '雨山区', '340500', '4');
INSERT INTO `cmswing_area` VALUES ('340521', '当涂县', '340500', '5');
INSERT INTO `cmswing_area` VALUES ('340601', '市辖区', '340600', '1');
INSERT INTO `cmswing_area` VALUES ('340602', '杜集区', '340600', '2');
INSERT INTO `cmswing_area` VALUES ('340603', '相山区', '340600', '3');
INSERT INTO `cmswing_area` VALUES ('340604', '烈山区', '340600', '4');
INSERT INTO `cmswing_area` VALUES ('340621', '濉溪县', '340600', '5');
INSERT INTO `cmswing_area` VALUES ('340701', '市辖区', '340700', '1');
INSERT INTO `cmswing_area` VALUES ('340702', '铜官山区', '340700', '2');
INSERT INTO `cmswing_area` VALUES ('340703', '狮子山区', '340700', '3');
INSERT INTO `cmswing_area` VALUES ('340711', '郊　区', '340700', '4');
INSERT INTO `cmswing_area` VALUES ('340721', '铜陵县', '340700', '5');
INSERT INTO `cmswing_area` VALUES ('340801', '市辖区', '340800', '1');
INSERT INTO `cmswing_area` VALUES ('340802', '迎江区', '340800', '2');
INSERT INTO `cmswing_area` VALUES ('340803', '大观区', '340800', '3');
INSERT INTO `cmswing_area` VALUES ('340811', '郊　区', '340800', '4');
INSERT INTO `cmswing_area` VALUES ('340822', '怀宁县', '340800', '5');
INSERT INTO `cmswing_area` VALUES ('340823', '枞阳县', '340800', '6');
INSERT INTO `cmswing_area` VALUES ('340824', '潜山县', '340800', '7');
INSERT INTO `cmswing_area` VALUES ('340825', '太湖县', '340800', '8');
INSERT INTO `cmswing_area` VALUES ('340826', '宿松县', '340800', '9');
INSERT INTO `cmswing_area` VALUES ('340827', '望江县', '340800', '10');
INSERT INTO `cmswing_area` VALUES ('340828', '岳西县', '340800', '11');
INSERT INTO `cmswing_area` VALUES ('340881', '桐城市', '340800', '12');
INSERT INTO `cmswing_area` VALUES ('341001', '市辖区', '341000', '1');
INSERT INTO `cmswing_area` VALUES ('341002', '屯溪区', '341000', '2');
INSERT INTO `cmswing_area` VALUES ('341003', '黄山区', '341000', '3');
INSERT INTO `cmswing_area` VALUES ('341004', '徽州区', '341000', '4');
INSERT INTO `cmswing_area` VALUES ('341021', '歙　县', '341000', '5');
INSERT INTO `cmswing_area` VALUES ('341022', '休宁县', '341000', '6');
INSERT INTO `cmswing_area` VALUES ('341023', '黟　县', '341000', '7');
INSERT INTO `cmswing_area` VALUES ('341024', '祁门县', '341000', '8');
INSERT INTO `cmswing_area` VALUES ('341101', '市辖区', '341100', '1');
INSERT INTO `cmswing_area` VALUES ('341102', '琅琊区', '341100', '2');
INSERT INTO `cmswing_area` VALUES ('341103', '南谯区', '341100', '3');
INSERT INTO `cmswing_area` VALUES ('341122', '来安县', '341100', '4');
INSERT INTO `cmswing_area` VALUES ('341124', '全椒县', '341100', '5');
INSERT INTO `cmswing_area` VALUES ('341125', '定远县', '341100', '6');
INSERT INTO `cmswing_area` VALUES ('341126', '凤阳县', '341100', '7');
INSERT INTO `cmswing_area` VALUES ('341181', '天长市', '341100', '8');
INSERT INTO `cmswing_area` VALUES ('341182', '明光市', '341100', '9');
INSERT INTO `cmswing_area` VALUES ('341201', '市辖区', '341200', '1');
INSERT INTO `cmswing_area` VALUES ('341202', '颍州区', '341200', '2');
INSERT INTO `cmswing_area` VALUES ('341203', '颍东区', '341200', '3');
INSERT INTO `cmswing_area` VALUES ('341204', '颍泉区', '341200', '4');
INSERT INTO `cmswing_area` VALUES ('341221', '临泉县', '341200', '5');
INSERT INTO `cmswing_area` VALUES ('341222', '太和县', '341200', '6');
INSERT INTO `cmswing_area` VALUES ('341225', '阜南县', '341200', '7');
INSERT INTO `cmswing_area` VALUES ('341226', '颍上县', '341200', '8');
INSERT INTO `cmswing_area` VALUES ('341282', '界首市', '341200', '9');
INSERT INTO `cmswing_area` VALUES ('341301', '市辖区', '341300', '1');
INSERT INTO `cmswing_area` VALUES ('341302', '墉桥区', '341300', '2');
INSERT INTO `cmswing_area` VALUES ('341321', '砀山县', '341300', '3');
INSERT INTO `cmswing_area` VALUES ('341322', '萧　县', '341300', '4');
INSERT INTO `cmswing_area` VALUES ('341323', '灵璧县', '341300', '5');
INSERT INTO `cmswing_area` VALUES ('341324', '泗　县', '341300', '6');
INSERT INTO `cmswing_area` VALUES ('341401', '庐江县', '340100', '9');
INSERT INTO `cmswing_area` VALUES ('341402', '巢湖市', '340100', '10');
INSERT INTO `cmswing_area` VALUES ('341422', '无为县', '340200', '9');
INSERT INTO `cmswing_area` VALUES ('341423', '含山县', '340500', '6');
INSERT INTO `cmswing_area` VALUES ('341424', '和　县', '340500', '7');
INSERT INTO `cmswing_area` VALUES ('341501', '市辖区', '341500', '1');
INSERT INTO `cmswing_area` VALUES ('341502', '金安区', '341500', '2');
INSERT INTO `cmswing_area` VALUES ('341503', '裕安区', '341500', '3');
INSERT INTO `cmswing_area` VALUES ('341521', '寿　县', '341500', '4');
INSERT INTO `cmswing_area` VALUES ('341522', '霍邱县', '341500', '5');
INSERT INTO `cmswing_area` VALUES ('341523', '舒城县', '341500', '6');
INSERT INTO `cmswing_area` VALUES ('341524', '金寨县', '341500', '7');
INSERT INTO `cmswing_area` VALUES ('341525', '霍山县', '341500', '8');
INSERT INTO `cmswing_area` VALUES ('341601', '市辖区', '341600', '1');
INSERT INTO `cmswing_area` VALUES ('341602', '谯城区', '341600', '2');
INSERT INTO `cmswing_area` VALUES ('341621', '涡阳县', '341600', '3');
INSERT INTO `cmswing_area` VALUES ('341622', '蒙城县', '341600', '4');
INSERT INTO `cmswing_area` VALUES ('341623', '利辛县', '341600', '5');
INSERT INTO `cmswing_area` VALUES ('341701', '市辖区', '341700', '1');
INSERT INTO `cmswing_area` VALUES ('341702', '贵池区', '341700', '2');
INSERT INTO `cmswing_area` VALUES ('341721', '东至县', '341700', '3');
INSERT INTO `cmswing_area` VALUES ('341722', '石台县', '341700', '4');
INSERT INTO `cmswing_area` VALUES ('341723', '青阳县', '341700', '5');
INSERT INTO `cmswing_area` VALUES ('341801', '市辖区', '341800', '1');
INSERT INTO `cmswing_area` VALUES ('341802', '宣州区', '341800', '2');
INSERT INTO `cmswing_area` VALUES ('341821', '郎溪县', '341800', '3');
INSERT INTO `cmswing_area` VALUES ('341822', '广德县', '341800', '4');
INSERT INTO `cmswing_area` VALUES ('341823', '泾　县', '341800', '5');
INSERT INTO `cmswing_area` VALUES ('341824', '绩溪县', '341800', '6');
INSERT INTO `cmswing_area` VALUES ('341825', '旌德县', '341800', '7');
INSERT INTO `cmswing_area` VALUES ('341881', '宁国市', '341800', '8');
INSERT INTO `cmswing_area` VALUES ('350101', '市辖区', '350100', '1');
INSERT INTO `cmswing_area` VALUES ('350102', '鼓楼区', '350100', '2');
INSERT INTO `cmswing_area` VALUES ('350103', '台江区', '350100', '3');
INSERT INTO `cmswing_area` VALUES ('350104', '仓山区', '350100', '4');
INSERT INTO `cmswing_area` VALUES ('350105', '马尾区', '350100', '5');
INSERT INTO `cmswing_area` VALUES ('350111', '晋安区', '350100', '6');
INSERT INTO `cmswing_area` VALUES ('350121', '闽侯县', '350100', '7');
INSERT INTO `cmswing_area` VALUES ('350122', '连江县', '350100', '8');
INSERT INTO `cmswing_area` VALUES ('350123', '罗源县', '350100', '9');
INSERT INTO `cmswing_area` VALUES ('350124', '闽清县', '350100', '10');
INSERT INTO `cmswing_area` VALUES ('350125', '永泰县', '350100', '11');
INSERT INTO `cmswing_area` VALUES ('350128', '平潭县', '350100', '12');
INSERT INTO `cmswing_area` VALUES ('350181', '福清市', '350100', '13');
INSERT INTO `cmswing_area` VALUES ('350182', '长乐市', '350100', '14');
INSERT INTO `cmswing_area` VALUES ('350201', '市辖区', '350200', '1');
INSERT INTO `cmswing_area` VALUES ('350203', '思明区', '350200', '2');
INSERT INTO `cmswing_area` VALUES ('350205', '海沧区', '350200', '3');
INSERT INTO `cmswing_area` VALUES ('350206', '湖里区', '350200', '4');
INSERT INTO `cmswing_area` VALUES ('350211', '集美区', '350200', '5');
INSERT INTO `cmswing_area` VALUES ('350212', '同安区', '350200', '6');
INSERT INTO `cmswing_area` VALUES ('350213', '翔安区', '350200', '7');
INSERT INTO `cmswing_area` VALUES ('350301', '市辖区', '350300', '1');
INSERT INTO `cmswing_area` VALUES ('350302', '城厢区', '350300', '2');
INSERT INTO `cmswing_area` VALUES ('350303', '涵江区', '350300', '3');
INSERT INTO `cmswing_area` VALUES ('350304', '荔城区', '350300', '4');
INSERT INTO `cmswing_area` VALUES ('350305', '秀屿区', '350300', '5');
INSERT INTO `cmswing_area` VALUES ('350322', '仙游县', '350300', '6');
INSERT INTO `cmswing_area` VALUES ('350401', '市辖区', '350400', '1');
INSERT INTO `cmswing_area` VALUES ('350402', '梅列区', '350400', '2');
INSERT INTO `cmswing_area` VALUES ('350403', '三元区', '350400', '3');
INSERT INTO `cmswing_area` VALUES ('350421', '明溪县', '350400', '4');
INSERT INTO `cmswing_area` VALUES ('350423', '清流县', '350400', '5');
INSERT INTO `cmswing_area` VALUES ('350424', '宁化县', '350400', '6');
INSERT INTO `cmswing_area` VALUES ('350425', '大田县', '350400', '7');
INSERT INTO `cmswing_area` VALUES ('350426', '尤溪县', '350400', '8');
INSERT INTO `cmswing_area` VALUES ('350427', '沙　县', '350400', '9');
INSERT INTO `cmswing_area` VALUES ('350428', '将乐县', '350400', '10');
INSERT INTO `cmswing_area` VALUES ('350429', '泰宁县', '350400', '11');
INSERT INTO `cmswing_area` VALUES ('350430', '建宁县', '350400', '12');
INSERT INTO `cmswing_area` VALUES ('350481', '永安市', '350400', '13');
INSERT INTO `cmswing_area` VALUES ('350501', '市辖区', '350500', '1');
INSERT INTO `cmswing_area` VALUES ('350502', '鲤城区', '350500', '2');
INSERT INTO `cmswing_area` VALUES ('350503', '丰泽区', '350500', '3');
INSERT INTO `cmswing_area` VALUES ('350504', '洛江区', '350500', '4');
INSERT INTO `cmswing_area` VALUES ('350505', '泉港区', '350500', '5');
INSERT INTO `cmswing_area` VALUES ('350521', '惠安县', '350500', '6');
INSERT INTO `cmswing_area` VALUES ('350524', '安溪县', '350500', '7');
INSERT INTO `cmswing_area` VALUES ('350525', '永春县', '350500', '8');
INSERT INTO `cmswing_area` VALUES ('350526', '德化县', '350500', '9');
INSERT INTO `cmswing_area` VALUES ('350527', '金门县', '350500', '10');
INSERT INTO `cmswing_area` VALUES ('350581', '石狮市', '350500', '11');
INSERT INTO `cmswing_area` VALUES ('350582', '晋江市', '350500', '12');
INSERT INTO `cmswing_area` VALUES ('350583', '南安市', '350500', '13');
INSERT INTO `cmswing_area` VALUES ('350601', '市辖区', '350600', '1');
INSERT INTO `cmswing_area` VALUES ('350602', '芗城区', '350600', '2');
INSERT INTO `cmswing_area` VALUES ('350603', '龙文区', '350600', '3');
INSERT INTO `cmswing_area` VALUES ('350622', '云霄县', '350600', '4');
INSERT INTO `cmswing_area` VALUES ('350623', '漳浦县', '350600', '5');
INSERT INTO `cmswing_area` VALUES ('350624', '诏安县', '350600', '6');
INSERT INTO `cmswing_area` VALUES ('350625', '长泰县', '350600', '7');
INSERT INTO `cmswing_area` VALUES ('350626', '东山县', '350600', '8');
INSERT INTO `cmswing_area` VALUES ('350627', '南靖县', '350600', '9');
INSERT INTO `cmswing_area` VALUES ('350628', '平和县', '350600', '10');
INSERT INTO `cmswing_area` VALUES ('350629', '华安县', '350600', '11');
INSERT INTO `cmswing_area` VALUES ('350681', '龙海市', '350600', '12');
INSERT INTO `cmswing_area` VALUES ('350701', '市辖区', '350700', '1');
INSERT INTO `cmswing_area` VALUES ('350702', '延平区', '350700', '2');
INSERT INTO `cmswing_area` VALUES ('350721', '顺昌县', '350700', '3');
INSERT INTO `cmswing_area` VALUES ('350722', '浦城县', '350700', '4');
INSERT INTO `cmswing_area` VALUES ('350723', '光泽县', '350700', '5');
INSERT INTO `cmswing_area` VALUES ('350724', '松溪县', '350700', '6');
INSERT INTO `cmswing_area` VALUES ('350725', '政和县', '350700', '7');
INSERT INTO `cmswing_area` VALUES ('350781', '邵武市', '350700', '8');
INSERT INTO `cmswing_area` VALUES ('350782', '武夷山市', '350700', '9');
INSERT INTO `cmswing_area` VALUES ('350783', '建瓯市', '350700', '10');
INSERT INTO `cmswing_area` VALUES ('350784', '建阳市', '350700', '11');
INSERT INTO `cmswing_area` VALUES ('350801', '市辖区', '350800', '1');
INSERT INTO `cmswing_area` VALUES ('350802', '新罗区', '350800', '2');
INSERT INTO `cmswing_area` VALUES ('350821', '长汀县', '350800', '3');
INSERT INTO `cmswing_area` VALUES ('350822', '永定县', '350800', '4');
INSERT INTO `cmswing_area` VALUES ('350823', '上杭县', '350800', '5');
INSERT INTO `cmswing_area` VALUES ('350824', '武平县', '350800', '6');
INSERT INTO `cmswing_area` VALUES ('350825', '连城县', '350800', '7');
INSERT INTO `cmswing_area` VALUES ('350881', '漳平市', '350800', '8');
INSERT INTO `cmswing_area` VALUES ('350901', '市辖区', '350900', '1');
INSERT INTO `cmswing_area` VALUES ('350902', '蕉城区', '350900', '2');
INSERT INTO `cmswing_area` VALUES ('350921', '霞浦县', '350900', '3');
INSERT INTO `cmswing_area` VALUES ('350922', '古田县', '350900', '4');
INSERT INTO `cmswing_area` VALUES ('350923', '屏南县', '350900', '5');
INSERT INTO `cmswing_area` VALUES ('350924', '寿宁县', '350900', '6');
INSERT INTO `cmswing_area` VALUES ('350925', '周宁县', '350900', '7');
INSERT INTO `cmswing_area` VALUES ('350926', '柘荣县', '350900', '8');
INSERT INTO `cmswing_area` VALUES ('350981', '福安市', '350900', '9');
INSERT INTO `cmswing_area` VALUES ('350982', '福鼎市', '350900', '10');
INSERT INTO `cmswing_area` VALUES ('360101', '市辖区', '360100', '1');
INSERT INTO `cmswing_area` VALUES ('360102', '东湖区', '360100', '2');
INSERT INTO `cmswing_area` VALUES ('360103', '西湖区', '360100', '3');
INSERT INTO `cmswing_area` VALUES ('360104', '青云谱区', '360100', '4');
INSERT INTO `cmswing_area` VALUES ('360105', '湾里区', '360100', '5');
INSERT INTO `cmswing_area` VALUES ('360111', '青山湖区', '360100', '6');
INSERT INTO `cmswing_area` VALUES ('360121', '南昌县', '360100', '7');
INSERT INTO `cmswing_area` VALUES ('360122', '新建县', '360100', '8');
INSERT INTO `cmswing_area` VALUES ('360123', '安义县', '360100', '9');
INSERT INTO `cmswing_area` VALUES ('360124', '进贤县', '360100', '10');
INSERT INTO `cmswing_area` VALUES ('360201', '市辖区', '360200', '1');
INSERT INTO `cmswing_area` VALUES ('360202', '昌江区', '360200', '2');
INSERT INTO `cmswing_area` VALUES ('360203', '珠山区', '360200', '3');
INSERT INTO `cmswing_area` VALUES ('360222', '浮梁县', '360200', '4');
INSERT INTO `cmswing_area` VALUES ('360281', '乐平市', '360200', '5');
INSERT INTO `cmswing_area` VALUES ('360301', '市辖区', '360300', '1');
INSERT INTO `cmswing_area` VALUES ('360302', '安源区', '360300', '2');
INSERT INTO `cmswing_area` VALUES ('360313', '湘东区', '360300', '3');
INSERT INTO `cmswing_area` VALUES ('360321', '莲花县', '360300', '4');
INSERT INTO `cmswing_area` VALUES ('360322', '上栗县', '360300', '5');
INSERT INTO `cmswing_area` VALUES ('360323', '芦溪县', '360300', '6');
INSERT INTO `cmswing_area` VALUES ('360401', '市辖区', '360400', '1');
INSERT INTO `cmswing_area` VALUES ('360402', '庐山区', '360400', '2');
INSERT INTO `cmswing_area` VALUES ('360403', '浔阳区', '360400', '3');
INSERT INTO `cmswing_area` VALUES ('360421', '九江县', '360400', '4');
INSERT INTO `cmswing_area` VALUES ('360423', '武宁县', '360400', '5');
INSERT INTO `cmswing_area` VALUES ('360424', '修水县', '360400', '6');
INSERT INTO `cmswing_area` VALUES ('360425', '永修县', '360400', '7');
INSERT INTO `cmswing_area` VALUES ('360426', '德安县', '360400', '8');
INSERT INTO `cmswing_area` VALUES ('360427', '星子县', '360400', '9');
INSERT INTO `cmswing_area` VALUES ('360428', '都昌县', '360400', '10');
INSERT INTO `cmswing_area` VALUES ('360429', '湖口县', '360400', '11');
INSERT INTO `cmswing_area` VALUES ('360430', '彭泽县', '360400', '12');
INSERT INTO `cmswing_area` VALUES ('360481', '瑞昌市', '360400', '13');
INSERT INTO `cmswing_area` VALUES ('360501', '市辖区', '360500', '1');
INSERT INTO `cmswing_area` VALUES ('360502', '渝水区', '360500', '2');
INSERT INTO `cmswing_area` VALUES ('360521', '分宜县', '360500', '3');
INSERT INTO `cmswing_area` VALUES ('360601', '市辖区', '360600', '1');
INSERT INTO `cmswing_area` VALUES ('360602', '月湖区', '360600', '2');
INSERT INTO `cmswing_area` VALUES ('360622', '余江县', '360600', '3');
INSERT INTO `cmswing_area` VALUES ('360681', '贵溪市', '360600', '4');
INSERT INTO `cmswing_area` VALUES ('360701', '市辖区', '360700', '1');
INSERT INTO `cmswing_area` VALUES ('360702', '章贡区', '360700', '2');
INSERT INTO `cmswing_area` VALUES ('360721', '赣　县', '360700', '3');
INSERT INTO `cmswing_area` VALUES ('360722', '信丰县', '360700', '4');
INSERT INTO `cmswing_area` VALUES ('360723', '大余县', '360700', '5');
INSERT INTO `cmswing_area` VALUES ('360724', '上犹县', '360700', '6');
INSERT INTO `cmswing_area` VALUES ('360725', '崇义县', '360700', '7');
INSERT INTO `cmswing_area` VALUES ('360726', '安远县', '360700', '8');
INSERT INTO `cmswing_area` VALUES ('360727', '龙南县', '360700', '9');
INSERT INTO `cmswing_area` VALUES ('360728', '定南县', '360700', '10');
INSERT INTO `cmswing_area` VALUES ('360729', '全南县', '360700', '11');
INSERT INTO `cmswing_area` VALUES ('360730', '宁都县', '360700', '12');
INSERT INTO `cmswing_area` VALUES ('360731', '于都县', '360700', '13');
INSERT INTO `cmswing_area` VALUES ('360732', '兴国县', '360700', '14');
INSERT INTO `cmswing_area` VALUES ('360733', '会昌县', '360700', '15');
INSERT INTO `cmswing_area` VALUES ('360734', '寻乌县', '360700', '16');
INSERT INTO `cmswing_area` VALUES ('360735', '石城县', '360700', '17');
INSERT INTO `cmswing_area` VALUES ('360781', '瑞金市', '360700', '18');
INSERT INTO `cmswing_area` VALUES ('360782', '南康市', '360700', '19');
INSERT INTO `cmswing_area` VALUES ('360801', '市辖区', '360800', '1');
INSERT INTO `cmswing_area` VALUES ('360802', '吉州区', '360800', '2');
INSERT INTO `cmswing_area` VALUES ('360803', '青原区', '360800', '3');
INSERT INTO `cmswing_area` VALUES ('360821', '吉安县', '360800', '4');
INSERT INTO `cmswing_area` VALUES ('360822', '吉水县', '360800', '5');
INSERT INTO `cmswing_area` VALUES ('360823', '峡江县', '360800', '6');
INSERT INTO `cmswing_area` VALUES ('360824', '新干县', '360800', '7');
INSERT INTO `cmswing_area` VALUES ('360825', '永丰县', '360800', '8');
INSERT INTO `cmswing_area` VALUES ('360826', '泰和县', '360800', '9');
INSERT INTO `cmswing_area` VALUES ('360827', '遂川县', '360800', '10');
INSERT INTO `cmswing_area` VALUES ('360828', '万安县', '360800', '11');
INSERT INTO `cmswing_area` VALUES ('360829', '安福县', '360800', '12');
INSERT INTO `cmswing_area` VALUES ('360830', '永新县', '360800', '13');
INSERT INTO `cmswing_area` VALUES ('360881', '井冈山市', '360800', '14');
INSERT INTO `cmswing_area` VALUES ('360901', '市辖区', '360900', '1');
INSERT INTO `cmswing_area` VALUES ('360902', '袁州区', '360900', '2');
INSERT INTO `cmswing_area` VALUES ('360921', '奉新县', '360900', '3');
INSERT INTO `cmswing_area` VALUES ('360922', '万载县', '360900', '4');
INSERT INTO `cmswing_area` VALUES ('360923', '上高县', '360900', '5');
INSERT INTO `cmswing_area` VALUES ('360924', '宜丰县', '360900', '6');
INSERT INTO `cmswing_area` VALUES ('360925', '靖安县', '360900', '7');
INSERT INTO `cmswing_area` VALUES ('360926', '铜鼓县', '360900', '8');
INSERT INTO `cmswing_area` VALUES ('360981', '丰城市', '360900', '9');
INSERT INTO `cmswing_area` VALUES ('360982', '樟树市', '360900', '10');
INSERT INTO `cmswing_area` VALUES ('360983', '高安市', '360900', '11');
INSERT INTO `cmswing_area` VALUES ('361001', '市辖区', '361000', '1');
INSERT INTO `cmswing_area` VALUES ('361002', '临川区', '361000', '2');
INSERT INTO `cmswing_area` VALUES ('361021', '南城县', '361000', '3');
INSERT INTO `cmswing_area` VALUES ('361022', '黎川县', '361000', '4');
INSERT INTO `cmswing_area` VALUES ('361023', '南丰县', '361000', '5');
INSERT INTO `cmswing_area` VALUES ('361024', '崇仁县', '361000', '6');
INSERT INTO `cmswing_area` VALUES ('361025', '乐安县', '361000', '7');
INSERT INTO `cmswing_area` VALUES ('361026', '宜黄县', '361000', '8');
INSERT INTO `cmswing_area` VALUES ('361027', '金溪县', '361000', '9');
INSERT INTO `cmswing_area` VALUES ('361028', '资溪县', '361000', '10');
INSERT INTO `cmswing_area` VALUES ('361029', '东乡县', '361000', '11');
INSERT INTO `cmswing_area` VALUES ('361030', '广昌县', '361000', '12');
INSERT INTO `cmswing_area` VALUES ('361101', '市辖区', '361100', '1');
INSERT INTO `cmswing_area` VALUES ('361102', '信州区', '361100', '2');
INSERT INTO `cmswing_area` VALUES ('361121', '上饶县', '361100', '3');
INSERT INTO `cmswing_area` VALUES ('361122', '广丰县', '361100', '4');
INSERT INTO `cmswing_area` VALUES ('361123', '玉山县', '361100', '5');
INSERT INTO `cmswing_area` VALUES ('361124', '铅山县', '361100', '6');
INSERT INTO `cmswing_area` VALUES ('361125', '横峰县', '361100', '7');
INSERT INTO `cmswing_area` VALUES ('361126', '弋阳县', '361100', '8');
INSERT INTO `cmswing_area` VALUES ('361127', '余干县', '361100', '9');
INSERT INTO `cmswing_area` VALUES ('361128', '鄱阳县', '361100', '10');
INSERT INTO `cmswing_area` VALUES ('361129', '万年县', '361100', '11');
INSERT INTO `cmswing_area` VALUES ('361130', '婺源县', '361100', '12');
INSERT INTO `cmswing_area` VALUES ('361181', '德兴市', '361100', '13');
INSERT INTO `cmswing_area` VALUES ('370101', '市辖区', '370100', '1');
INSERT INTO `cmswing_area` VALUES ('370102', '历下区', '370100', '2');
INSERT INTO `cmswing_area` VALUES ('370103', '市中区', '370100', '3');
INSERT INTO `cmswing_area` VALUES ('370104', '槐荫区', '370100', '4');
INSERT INTO `cmswing_area` VALUES ('370105', '天桥区', '370100', '5');
INSERT INTO `cmswing_area` VALUES ('370112', '历城区', '370100', '6');
INSERT INTO `cmswing_area` VALUES ('370113', '长清区', '370100', '7');
INSERT INTO `cmswing_area` VALUES ('370124', '平阴县', '370100', '8');
INSERT INTO `cmswing_area` VALUES ('370125', '济阳县', '370100', '9');
INSERT INTO `cmswing_area` VALUES ('370126', '商河县', '370100', '10');
INSERT INTO `cmswing_area` VALUES ('370181', '章丘市', '370100', '11');
INSERT INTO `cmswing_area` VALUES ('370201', '市辖区', '370200', '1');
INSERT INTO `cmswing_area` VALUES ('370202', '市南区', '370200', '2');
INSERT INTO `cmswing_area` VALUES ('370203', '市北区', '370200', '3');
INSERT INTO `cmswing_area` VALUES ('370205', '四方区', '370200', '4');
INSERT INTO `cmswing_area` VALUES ('370211', '黄岛区', '370200', '5');
INSERT INTO `cmswing_area` VALUES ('370212', '崂山区', '370200', '6');
INSERT INTO `cmswing_area` VALUES ('370213', '李沧区', '370200', '7');
INSERT INTO `cmswing_area` VALUES ('370214', '城阳区', '370200', '8');
INSERT INTO `cmswing_area` VALUES ('370281', '胶州市', '370200', '9');
INSERT INTO `cmswing_area` VALUES ('370282', '即墨市', '370200', '10');
INSERT INTO `cmswing_area` VALUES ('370283', '平度市', '370200', '11');
INSERT INTO `cmswing_area` VALUES ('370284', '胶南市', '370200', '12');
INSERT INTO `cmswing_area` VALUES ('370285', '莱西市', '370200', '13');
INSERT INTO `cmswing_area` VALUES ('370301', '市辖区', '370300', '1');
INSERT INTO `cmswing_area` VALUES ('370302', '淄川区', '370300', '2');
INSERT INTO `cmswing_area` VALUES ('370303', '张店区', '370300', '3');
INSERT INTO `cmswing_area` VALUES ('370304', '博山区', '370300', '4');
INSERT INTO `cmswing_area` VALUES ('370305', '临淄区', '370300', '5');
INSERT INTO `cmswing_area` VALUES ('370306', '周村区', '370300', '6');
INSERT INTO `cmswing_area` VALUES ('370321', '桓台县', '370300', '7');
INSERT INTO `cmswing_area` VALUES ('370322', '高青县', '370300', '8');
INSERT INTO `cmswing_area` VALUES ('370323', '沂源县', '370300', '9');
INSERT INTO `cmswing_area` VALUES ('370401', '市辖区', '370400', '1');
INSERT INTO `cmswing_area` VALUES ('370402', '市中区', '370400', '2');
INSERT INTO `cmswing_area` VALUES ('370403', '薛城区', '370400', '3');
INSERT INTO `cmswing_area` VALUES ('370404', '峄城区', '370400', '4');
INSERT INTO `cmswing_area` VALUES ('370405', '台儿庄区', '370400', '5');
INSERT INTO `cmswing_area` VALUES ('370406', '山亭区', '370400', '6');
INSERT INTO `cmswing_area` VALUES ('370481', '滕州市', '370400', '7');
INSERT INTO `cmswing_area` VALUES ('370501', '市辖区', '370500', '1');
INSERT INTO `cmswing_area` VALUES ('370502', '东营区', '370500', '2');
INSERT INTO `cmswing_area` VALUES ('370503', '河口区', '370500', '3');
INSERT INTO `cmswing_area` VALUES ('370521', '垦利县', '370500', '4');
INSERT INTO `cmswing_area` VALUES ('370522', '利津县', '370500', '5');
INSERT INTO `cmswing_area` VALUES ('370523', '广饶县', '370500', '6');
INSERT INTO `cmswing_area` VALUES ('370601', '市辖区', '370600', '1');
INSERT INTO `cmswing_area` VALUES ('370602', '芝罘区', '370600', '2');
INSERT INTO `cmswing_area` VALUES ('370611', '福山区', '370600', '3');
INSERT INTO `cmswing_area` VALUES ('370612', '牟平区', '370600', '4');
INSERT INTO `cmswing_area` VALUES ('370613', '莱山区', '370600', '5');
INSERT INTO `cmswing_area` VALUES ('370634', '长岛县', '370600', '6');
INSERT INTO `cmswing_area` VALUES ('370681', '龙口市', '370600', '7');
INSERT INTO `cmswing_area` VALUES ('370682', '莱阳市', '370600', '8');
INSERT INTO `cmswing_area` VALUES ('370683', '莱州市', '370600', '9');
INSERT INTO `cmswing_area` VALUES ('370684', '蓬莱市', '370600', '10');
INSERT INTO `cmswing_area` VALUES ('370685', '招远市', '370600', '11');
INSERT INTO `cmswing_area` VALUES ('370686', '栖霞市', '370600', '12');
INSERT INTO `cmswing_area` VALUES ('370687', '海阳市', '370600', '13');
INSERT INTO `cmswing_area` VALUES ('370701', '市辖区', '370700', '1');
INSERT INTO `cmswing_area` VALUES ('370702', '潍城区', '370700', '2');
INSERT INTO `cmswing_area` VALUES ('370703', '寒亭区', '370700', '3');
INSERT INTO `cmswing_area` VALUES ('370704', '坊子区', '370700', '4');
INSERT INTO `cmswing_area` VALUES ('370705', '奎文区', '370700', '5');
INSERT INTO `cmswing_area` VALUES ('370724', '临朐县', '370700', '6');
INSERT INTO `cmswing_area` VALUES ('370725', '昌乐县', '370700', '7');
INSERT INTO `cmswing_area` VALUES ('370781', '青州市', '370700', '8');
INSERT INTO `cmswing_area` VALUES ('370782', '诸城市', '370700', '9');
INSERT INTO `cmswing_area` VALUES ('370783', '寿光市', '370700', '10');
INSERT INTO `cmswing_area` VALUES ('370784', '安丘市', '370700', '11');
INSERT INTO `cmswing_area` VALUES ('370785', '高密市', '370700', '12');
INSERT INTO `cmswing_area` VALUES ('370786', '昌邑市', '370700', '13');
INSERT INTO `cmswing_area` VALUES ('370801', '市辖区', '370800', '1');
INSERT INTO `cmswing_area` VALUES ('370802', '市中区', '370800', '2');
INSERT INTO `cmswing_area` VALUES ('370811', '任城区', '370800', '3');
INSERT INTO `cmswing_area` VALUES ('370826', '微山县', '370800', '4');
INSERT INTO `cmswing_area` VALUES ('370827', '鱼台县', '370800', '5');
INSERT INTO `cmswing_area` VALUES ('370828', '金乡县', '370800', '6');
INSERT INTO `cmswing_area` VALUES ('370829', '嘉祥县', '370800', '7');
INSERT INTO `cmswing_area` VALUES ('370830', '汶上县', '370800', '8');
INSERT INTO `cmswing_area` VALUES ('370831', '泗水县', '370800', '9');
INSERT INTO `cmswing_area` VALUES ('370832', '梁山县', '370800', '10');
INSERT INTO `cmswing_area` VALUES ('370881', '曲阜市', '370800', '11');
INSERT INTO `cmswing_area` VALUES ('370882', '兖州市', '370800', '12');
INSERT INTO `cmswing_area` VALUES ('370883', '邹城市', '370800', '13');
INSERT INTO `cmswing_area` VALUES ('370901', '市辖区', '370900', '1');
INSERT INTO `cmswing_area` VALUES ('370902', '泰山区', '370900', '2');
INSERT INTO `cmswing_area` VALUES ('370903', '岱岳区', '370900', '3');
INSERT INTO `cmswing_area` VALUES ('370921', '宁阳县', '370900', '4');
INSERT INTO `cmswing_area` VALUES ('370923', '东平县', '370900', '5');
INSERT INTO `cmswing_area` VALUES ('370982', '新泰市', '370900', '6');
INSERT INTO `cmswing_area` VALUES ('370983', '肥城市', '370900', '7');
INSERT INTO `cmswing_area` VALUES ('371001', '市辖区', '371000', '1');
INSERT INTO `cmswing_area` VALUES ('371002', '环翠区', '371000', '2');
INSERT INTO `cmswing_area` VALUES ('371081', '文登市', '371000', '3');
INSERT INTO `cmswing_area` VALUES ('371082', '荣成市', '371000', '4');
INSERT INTO `cmswing_area` VALUES ('371083', '乳山市', '371000', '5');
INSERT INTO `cmswing_area` VALUES ('371101', '市辖区', '371100', '1');
INSERT INTO `cmswing_area` VALUES ('371102', '东港区', '371100', '2');
INSERT INTO `cmswing_area` VALUES ('371103', '岚山区', '371100', '3');
INSERT INTO `cmswing_area` VALUES ('371121', '五莲县', '371100', '4');
INSERT INTO `cmswing_area` VALUES ('371122', '莒　县', '371100', '5');
INSERT INTO `cmswing_area` VALUES ('371201', '市辖区', '371200', '1');
INSERT INTO `cmswing_area` VALUES ('371202', '莱城区', '371200', '2');
INSERT INTO `cmswing_area` VALUES ('371203', '钢城区', '371200', '3');
INSERT INTO `cmswing_area` VALUES ('371301', '市辖区', '371300', '1');
INSERT INTO `cmswing_area` VALUES ('371302', '兰山区', '371300', '2');
INSERT INTO `cmswing_area` VALUES ('371311', '罗庄区', '371300', '3');
INSERT INTO `cmswing_area` VALUES ('371312', '河东区', '371300', '4');
INSERT INTO `cmswing_area` VALUES ('371321', '沂南县', '371300', '5');
INSERT INTO `cmswing_area` VALUES ('371322', '郯城县', '371300', '6');
INSERT INTO `cmswing_area` VALUES ('371323', '沂水县', '371300', '7');
INSERT INTO `cmswing_area` VALUES ('371324', '苍山县', '371300', '8');
INSERT INTO `cmswing_area` VALUES ('371325', '费　县', '371300', '9');
INSERT INTO `cmswing_area` VALUES ('371326', '平邑县', '371300', '10');
INSERT INTO `cmswing_area` VALUES ('371327', '莒南县', '371300', '11');
INSERT INTO `cmswing_area` VALUES ('371328', '蒙阴县', '371300', '12');
INSERT INTO `cmswing_area` VALUES ('371329', '临沭县', '371300', '13');
INSERT INTO `cmswing_area` VALUES ('371401', '市辖区', '371400', '1');
INSERT INTO `cmswing_area` VALUES ('371402', '德城区', '371400', '2');
INSERT INTO `cmswing_area` VALUES ('371421', '陵　县', '371400', '3');
INSERT INTO `cmswing_area` VALUES ('371422', '宁津县', '371400', '4');
INSERT INTO `cmswing_area` VALUES ('371423', '庆云县', '371400', '5');
INSERT INTO `cmswing_area` VALUES ('371424', '临邑县', '371400', '6');
INSERT INTO `cmswing_area` VALUES ('371425', '齐河县', '371400', '7');
INSERT INTO `cmswing_area` VALUES ('371426', '平原县', '371400', '8');
INSERT INTO `cmswing_area` VALUES ('371427', '夏津县', '371400', '9');
INSERT INTO `cmswing_area` VALUES ('371428', '武城县', '371400', '10');
INSERT INTO `cmswing_area` VALUES ('371481', '乐陵市', '371400', '11');
INSERT INTO `cmswing_area` VALUES ('371482', '禹城市', '371400', '12');
INSERT INTO `cmswing_area` VALUES ('371501', '市辖区', '371500', '1');
INSERT INTO `cmswing_area` VALUES ('371502', '东昌府区', '371500', '2');
INSERT INTO `cmswing_area` VALUES ('371521', '阳谷县', '371500', '3');
INSERT INTO `cmswing_area` VALUES ('371522', '莘　县', '371500', '4');
INSERT INTO `cmswing_area` VALUES ('371523', '茌平县', '371500', '5');
INSERT INTO `cmswing_area` VALUES ('371524', '东阿县', '371500', '6');
INSERT INTO `cmswing_area` VALUES ('371525', '冠　县', '371500', '7');
INSERT INTO `cmswing_area` VALUES ('371526', '高唐县', '371500', '8');
INSERT INTO `cmswing_area` VALUES ('371581', '临清市', '371500', '9');
INSERT INTO `cmswing_area` VALUES ('371601', '市辖区', '371600', '1');
INSERT INTO `cmswing_area` VALUES ('371602', '滨城区', '371600', '2');
INSERT INTO `cmswing_area` VALUES ('371621', '惠民县', '371600', '3');
INSERT INTO `cmswing_area` VALUES ('371622', '阳信县', '371600', '4');
INSERT INTO `cmswing_area` VALUES ('371623', '无棣县', '371600', '5');
INSERT INTO `cmswing_area` VALUES ('371624', '沾化县', '371600', '6');
INSERT INTO `cmswing_area` VALUES ('371625', '博兴县', '371600', '7');
INSERT INTO `cmswing_area` VALUES ('371626', '邹平县', '371600', '8');
INSERT INTO `cmswing_area` VALUES ('371701', '市辖区', '371700', '1');
INSERT INTO `cmswing_area` VALUES ('371702', '牡丹区', '371700', '2');
INSERT INTO `cmswing_area` VALUES ('371721', '曹　县', '371700', '3');
INSERT INTO `cmswing_area` VALUES ('371722', '单　县', '371700', '4');
INSERT INTO `cmswing_area` VALUES ('371723', '成武县', '371700', '5');
INSERT INTO `cmswing_area` VALUES ('371724', '巨野县', '371700', '6');
INSERT INTO `cmswing_area` VALUES ('371725', '郓城县', '371700', '7');
INSERT INTO `cmswing_area` VALUES ('371726', '鄄城县', '371700', '8');
INSERT INTO `cmswing_area` VALUES ('371727', '定陶县', '371700', '9');
INSERT INTO `cmswing_area` VALUES ('371728', '东明县', '371700', '10');
INSERT INTO `cmswing_area` VALUES ('410101', '市辖区', '410100', '1');
INSERT INTO `cmswing_area` VALUES ('410102', '中原区', '410100', '2');
INSERT INTO `cmswing_area` VALUES ('410103', '二七区', '410100', '3');
INSERT INTO `cmswing_area` VALUES ('410104', '管城回族区', '410100', '4');
INSERT INTO `cmswing_area` VALUES ('410105', '金水区', '410100', '5');
INSERT INTO `cmswing_area` VALUES ('410106', '上街区', '410100', '6');
INSERT INTO `cmswing_area` VALUES ('410108', '邙山区', '410100', '7');
INSERT INTO `cmswing_area` VALUES ('410122', '中牟县', '410100', '8');
INSERT INTO `cmswing_area` VALUES ('410181', '巩义市', '410100', '9');
INSERT INTO `cmswing_area` VALUES ('410182', '荥阳市', '410100', '10');
INSERT INTO `cmswing_area` VALUES ('410183', '新密市', '410100', '11');
INSERT INTO `cmswing_area` VALUES ('410184', '新郑市', '410100', '12');
INSERT INTO `cmswing_area` VALUES ('410185', '登封市', '410100', '13');
INSERT INTO `cmswing_area` VALUES ('410201', '市辖区', '410200', '1');
INSERT INTO `cmswing_area` VALUES ('410202', '龙亭区', '410200', '2');
INSERT INTO `cmswing_area` VALUES ('410203', '顺河回族区', '410200', '3');
INSERT INTO `cmswing_area` VALUES ('410204', '鼓楼区', '410200', '4');
INSERT INTO `cmswing_area` VALUES ('410205', '南关区', '410200', '5');
INSERT INTO `cmswing_area` VALUES ('410211', '郊　区', '410200', '6');
INSERT INTO `cmswing_area` VALUES ('410221', '杞　县', '410200', '7');
INSERT INTO `cmswing_area` VALUES ('410222', '通许县', '410200', '8');
INSERT INTO `cmswing_area` VALUES ('410223', '尉氏县', '410200', '9');
INSERT INTO `cmswing_area` VALUES ('410224', '开封县', '410200', '10');
INSERT INTO `cmswing_area` VALUES ('410225', '兰考县', '410200', '11');
INSERT INTO `cmswing_area` VALUES ('410301', '市辖区', '410300', '1');
INSERT INTO `cmswing_area` VALUES ('410302', '老城区', '410300', '2');
INSERT INTO `cmswing_area` VALUES ('410303', '西工区', '410300', '3');
INSERT INTO `cmswing_area` VALUES ('410304', '廛河回族区', '410300', '4');
INSERT INTO `cmswing_area` VALUES ('410305', '涧西区', '410300', '5');
INSERT INTO `cmswing_area` VALUES ('410306', '吉利区', '410300', '6');
INSERT INTO `cmswing_area` VALUES ('410307', '洛龙区', '410300', '7');
INSERT INTO `cmswing_area` VALUES ('410322', '孟津县', '410300', '8');
INSERT INTO `cmswing_area` VALUES ('410323', '新安县', '410300', '9');
INSERT INTO `cmswing_area` VALUES ('410324', '栾川县', '410300', '10');
INSERT INTO `cmswing_area` VALUES ('410325', '嵩　县', '410300', '11');
INSERT INTO `cmswing_area` VALUES ('410326', '汝阳县', '410300', '12');
INSERT INTO `cmswing_area` VALUES ('410327', '宜阳县', '410300', '13');
INSERT INTO `cmswing_area` VALUES ('410328', '洛宁县', '410300', '14');
INSERT INTO `cmswing_area` VALUES ('410329', '伊川县', '410300', '15');
INSERT INTO `cmswing_area` VALUES ('410381', '偃师市', '410300', '16');
INSERT INTO `cmswing_area` VALUES ('410401', '市辖区', '410400', '1');
INSERT INTO `cmswing_area` VALUES ('410402', '新华区', '410400', '2');
INSERT INTO `cmswing_area` VALUES ('410403', '卫东区', '410400', '3');
INSERT INTO `cmswing_area` VALUES ('410404', '石龙区', '410400', '4');
INSERT INTO `cmswing_area` VALUES ('410411', '湛河区', '410400', '5');
INSERT INTO `cmswing_area` VALUES ('410421', '宝丰县', '410400', '6');
INSERT INTO `cmswing_area` VALUES ('410422', '叶　县', '410400', '7');
INSERT INTO `cmswing_area` VALUES ('410423', '鲁山县', '410400', '8');
INSERT INTO `cmswing_area` VALUES ('410425', '郏　县', '410400', '9');
INSERT INTO `cmswing_area` VALUES ('410481', '舞钢市', '410400', '10');
INSERT INTO `cmswing_area` VALUES ('410482', '汝州市', '410400', '11');
INSERT INTO `cmswing_area` VALUES ('410501', '市辖区', '410500', '1');
INSERT INTO `cmswing_area` VALUES ('410502', '文峰区', '410500', '2');
INSERT INTO `cmswing_area` VALUES ('410503', '北关区', '410500', '3');
INSERT INTO `cmswing_area` VALUES ('410505', '殷都区', '410500', '4');
INSERT INTO `cmswing_area` VALUES ('410506', '龙安区', '410500', '5');
INSERT INTO `cmswing_area` VALUES ('410522', '安阳县', '410500', '6');
INSERT INTO `cmswing_area` VALUES ('410523', '汤阴县', '410500', '7');
INSERT INTO `cmswing_area` VALUES ('410526', '滑　县', '410500', '8');
INSERT INTO `cmswing_area` VALUES ('410527', '内黄县', '410500', '9');
INSERT INTO `cmswing_area` VALUES ('410581', '林州市', '410500', '10');
INSERT INTO `cmswing_area` VALUES ('410601', '市辖区', '410600', '1');
INSERT INTO `cmswing_area` VALUES ('410602', '鹤山区', '410600', '2');
INSERT INTO `cmswing_area` VALUES ('410603', '山城区', '410600', '3');
INSERT INTO `cmswing_area` VALUES ('410611', '淇滨区', '410600', '4');
INSERT INTO `cmswing_area` VALUES ('410621', '浚　县', '410600', '5');
INSERT INTO `cmswing_area` VALUES ('410622', '淇　县', '410600', '6');
INSERT INTO `cmswing_area` VALUES ('410701', '市辖区', '410700', '1');
INSERT INTO `cmswing_area` VALUES ('410702', '红旗区', '410700', '2');
INSERT INTO `cmswing_area` VALUES ('410703', '卫滨区', '410700', '3');
INSERT INTO `cmswing_area` VALUES ('410704', '凤泉区', '410700', '4');
INSERT INTO `cmswing_area` VALUES ('410711', '牧野区', '410700', '5');
INSERT INTO `cmswing_area` VALUES ('410721', '新乡县', '410700', '6');
INSERT INTO `cmswing_area` VALUES ('410724', '获嘉县', '410700', '7');
INSERT INTO `cmswing_area` VALUES ('410725', '原阳县', '410700', '8');
INSERT INTO `cmswing_area` VALUES ('410726', '延津县', '410700', '9');
INSERT INTO `cmswing_area` VALUES ('410727', '封丘县', '410700', '10');
INSERT INTO `cmswing_area` VALUES ('410728', '长垣县', '410700', '11');
INSERT INTO `cmswing_area` VALUES ('410781', '卫辉市', '410700', '12');
INSERT INTO `cmswing_area` VALUES ('410782', '辉县市', '410700', '13');
INSERT INTO `cmswing_area` VALUES ('410801', '市辖区', '410800', '1');
INSERT INTO `cmswing_area` VALUES ('410802', '解放区', '410800', '2');
INSERT INTO `cmswing_area` VALUES ('410803', '中站区', '410800', '3');
INSERT INTO `cmswing_area` VALUES ('410804', '马村区', '410800', '4');
INSERT INTO `cmswing_area` VALUES ('410811', '山阳区', '410800', '5');
INSERT INTO `cmswing_area` VALUES ('410821', '修武县', '410800', '6');
INSERT INTO `cmswing_area` VALUES ('410822', '博爱县', '410800', '7');
INSERT INTO `cmswing_area` VALUES ('410823', '武陟县', '410800', '8');
INSERT INTO `cmswing_area` VALUES ('410825', '温　县', '410800', '9');
INSERT INTO `cmswing_area` VALUES ('410881', '济源市', '410800', '10');
INSERT INTO `cmswing_area` VALUES ('410882', '沁阳市', '410800', '11');
INSERT INTO `cmswing_area` VALUES ('410883', '孟州市', '410800', '12');
INSERT INTO `cmswing_area` VALUES ('410901', '市辖区', '410900', '1');
INSERT INTO `cmswing_area` VALUES ('410902', '华龙区', '410900', '2');
INSERT INTO `cmswing_area` VALUES ('410922', '清丰县', '410900', '3');
INSERT INTO `cmswing_area` VALUES ('410923', '南乐县', '410900', '4');
INSERT INTO `cmswing_area` VALUES ('410926', '范　县', '410900', '5');
INSERT INTO `cmswing_area` VALUES ('410927', '台前县', '410900', '6');
INSERT INTO `cmswing_area` VALUES ('410928', '濮阳县', '410900', '7');
INSERT INTO `cmswing_area` VALUES ('411001', '市辖区', '411000', '1');
INSERT INTO `cmswing_area` VALUES ('411002', '魏都区', '411000', '2');
INSERT INTO `cmswing_area` VALUES ('411023', '许昌县', '411000', '3');
INSERT INTO `cmswing_area` VALUES ('411024', '鄢陵县', '411000', '4');
INSERT INTO `cmswing_area` VALUES ('411025', '襄城县', '411000', '5');
INSERT INTO `cmswing_area` VALUES ('411081', '禹州市', '411000', '6');
INSERT INTO `cmswing_area` VALUES ('411082', '长葛市', '411000', '7');
INSERT INTO `cmswing_area` VALUES ('411101', '市辖区', '411100', '1');
INSERT INTO `cmswing_area` VALUES ('411102', '源汇区', '411100', '2');
INSERT INTO `cmswing_area` VALUES ('411103', '郾城区', '411100', '3');
INSERT INTO `cmswing_area` VALUES ('411104', '召陵区', '411100', '4');
INSERT INTO `cmswing_area` VALUES ('411121', '舞阳县', '411100', '5');
INSERT INTO `cmswing_area` VALUES ('411122', '临颍县', '411100', '6');
INSERT INTO `cmswing_area` VALUES ('411201', '市辖区', '411200', '1');
INSERT INTO `cmswing_area` VALUES ('411202', '湖滨区', '411200', '2');
INSERT INTO `cmswing_area` VALUES ('411221', '渑池县', '411200', '3');
INSERT INTO `cmswing_area` VALUES ('411222', '陕　县', '411200', '4');
INSERT INTO `cmswing_area` VALUES ('411224', '卢氏县', '411200', '5');
INSERT INTO `cmswing_area` VALUES ('411281', '义马市', '411200', '6');
INSERT INTO `cmswing_area` VALUES ('411282', '灵宝市', '411200', '7');
